/*
Deployment script for Baseball

This code was generated by a tool.
Changes to this file may cause incorrect behavior and will be lost if
the code is regenerated.
*/

GO
SET ANSI_NULLS, ANSI_PADDING, ANSI_WARNINGS, ARITHABORT, CONCAT_NULL_YIELDS_NULL, QUOTED_IDENTIFIER ON;

SET NUMERIC_ROUNDABORT OFF;


GO
:setvar DatabaseName "Baseball"
:setvar DefaultFilePrefix "Baseball"
:setvar DefaultDataPath "C:\Program Files\Microsoft SQL Server\MSSQL10_50.MSSQLSERVER\MSSQL\DATA\"
:setvar DefaultLogPath "C:\Program Files\Microsoft SQL Server\MSSQL10_50.MSSQLSERVER\MSSQL\DATA\"

GO
:on error exit
GO
/*
Detect SQLCMD mode and disable script execution if SQLCMD mode is not supported.
To re-enable the script after enabling SQLCMD mode, execute the following:
SET NOEXEC OFF; 
*/
:setvar __IsSqlCmdEnabled "True"
GO
IF N'$(__IsSqlCmdEnabled)' NOT LIKE N'True'
    BEGIN
        PRINT N'SQLCMD mode must be enabled to successfully execute this script.';
        SET NOEXEC ON;
    END


GO
USE [$(DatabaseName)];


GO

-- disable referential integrity
EXEC sp_MSForEachTable 'ALTER TABLE ? NOCHECK CONSTRAINT ALL' 
GO

-- Drop All Tables
sp_msforeachtable 'drop table ?'
GO

GO
PRINT N'Rename refactoring operation with key 5b991590-0865-49c9-95a8-c034b6ce26fe is skipped, element [SystemConfig].[RosterSettings].[CategoryID] (SqlSimpleColumn) will not be renamed to PositionID';


GO
PRINT N'Rename refactoring operation with key 3e29ad30-7a66-4f68-9fe6-389f71a47a2d is skipped, element [LeagueConfig].[Team_Roster_Positions].[PointValuePer] (SqlSimpleColumn) will not be renamed to MaximumStarters';


GO
PRINT N'Rename refactoring operation with key b6fe7736-ed0d-4412-b930-64d5fe77de5d is skipped, element [LeagueConfig].[Team_Roster_Positions].[UseScoringRanges] (SqlSimpleColumn) will not be renamed to MinimumRoster';


GO
PRINT N'Rename refactoring operation with key 082788fa-0d50-4f1a-b516-c40d2b8c23f1 is skipped, element [LeagueConfig].[Team_Roster_Positions].[UseScoringBonuses] (SqlSimpleColumn) will not be renamed to MaximumRoster';


GO
PRINT N'Rename refactoring operation with key cf6f3c10-eada-48e6-bbe7-938ee8102571, 5447d75f-b792-4723-a267-89d06f1f8cb0 is skipped, element [dbo].[Transaction].[Id] (SqlSimpleColumn) will not be renamed to FantasyLeagueID';


GO
PRINT N'Rename refactoring operation with key f1d4017e-af9d-4689-8016-32a1435a0a20, 43e65096-cbd4-4c8e-ac93-d628507d10da is skipped, element [dbo].[Transaction].[Commishinoer] (SqlSimpleColumn) will not be renamed to CommissionerPerformed';


GO
PRINT N'Rename refactoring operation with key 73091309-46ba-42ff-b239-5c1916e17514 is skipped, element [dbo].[Transaction].[Form_Id_Modified] (SqlSimpleColumn) will not be renamed to Form_Id_Modified_Modified';


GO
PRINT N'Rename refactoring operation with key 5d9ea605-350c-4111-ad30-3f5b8bc000be is skipped, element [MLB].[Stats_Projection].[Day] (SqlSimpleColumn) will not be renamed to Season';


GO
PRINT N'Creating [Fantasy].[League]...';


GO
CREATE TABLE [Fantasy].[League] (
    [FantasyLeagueID]    INT          NOT NULL,
    [Name]               VARCHAR (50) NOT NULL,
    [OwnerID]            INT          NULL,
    [LeagueEntryFee]     MONEY        NULL,
    [LeagueType]         VARCHAR (1)  NULL,
    [Date_Time_Created]  DATETIME     NOT NULL,
    [User_Id_Created]    VARCHAR (50) NULL,
    [Date_Time_Modified] DATETIME     NOT NULL,
    [User_Id_Modified]   VARCHAR (50) NULL,
    [Form_Id_Modified]   VARCHAR (50) NULL,
    PRIMARY KEY CLUSTERED ([FantasyLeagueID] ASC)
);


GO
PRINT N'Creating [Fantasy].[Roster]...';


GO
CREATE TABLE [Fantasy].[Roster] (
    [FantasyTeamID]      INT          NOT NULL,
    [FantasyLeagueID]    INT          NOT NULL,
    [PlayerID]           INT          NOT NULL,
    [Status]             VARCHAR (1)  NOT NULL,
    [Date_Time_Created]  DATETIME     NOT NULL,
    [User_Id_Created]    VARCHAR (50) NULL,
    [Date_Time_Modified] DATETIME     NOT NULL,
    [User_Id_Modified]   VARCHAR (50) NULL,
    [Form_Id_Modified]   VARCHAR (50) NULL,
    PRIMARY KEY CLUSTERED ([FantasyTeamID] ASC, [PlayerID] ASC, [FantasyLeagueID] ASC)
);


GO
PRINT N'Creating [Fantasy].[Team]...';


GO
CREATE TABLE [Fantasy].[Team] (
    [FantasyTeamID]      INT           NOT NULL,
    [FantasyLeagueID]    INT           NOT NULL,
    [Name]               VARCHAR (100) NOT NULL,
    [Abbreviation]       VARCHAR (3)   NOT NULL,
    [Logo]               VARCHAR (MAX) NULL,
    [Date_Time_Created]  DATETIME      NOT NULL,
    [User_Id_Created]    VARCHAR (50)  NULL,
    [Date_Time_Modified] DATETIME      NOT NULL,
    [User_Id_Modified]   VARCHAR (50)  NULL,
    [Form_Id_Modified]   VARCHAR (50)  NULL,
    CONSTRAINT [PK_Fantasy_Team] PRIMARY KEY CLUSTERED ([FantasyTeamID] ASC, [FantasyLeagueID] ASC)
);


GO
PRINT N'Creating [Fantasy].[Transaction]...';


GO
CREATE TABLE [Fantasy].[Transaction] (
    [FantasyLeagueID]       INT          NOT NULL,
    [TransactionID]         INT          NOT NULL,
    [TeamID]                INT          NOT NULL,
    [PlayerID]              INT          NULL,
    [DraftPickID]           INT          NULL,
    [OpposingTeamID]        INT          NULL,
    [TransactionDate]       DATETIME     NOT NULL,
    [CommissionerPerformed] BIT          NOT NULL,
    [Action]                VARCHAR (50) NOT NULL,
    [Date_Time_Created]     DATETIME     NOT NULL,
    [User_Id_Created]       VARCHAR (50) NULL,
    [Date_Time_Modified]    DATETIME     NOT NULL,
    [User_Id_Modified]      VARCHAR (50) NULL,
    [Form_Id_Modified]      VARCHAR (50) NULL
);


GO
PRINT N'Creating [LeagueConfig].[Config]...';


GO
CREATE TABLE [LeagueConfig].[Config] (
    [FantasyLeagueID]     INT           NOT NULL,
    [LeagueImage]         VARCHAR (500) NULL,
    [Rules]               TEXT          NULL,
    [CommissionerMessage] NCHAR (10)    NULL,
    [Date_Time_Created]   DATETIME      NOT NULL,
    [User_Id_Created]     VARCHAR (50)  NULL,
    [Date_Time_Modified]  DATETIME      NOT NULL,
    [User_Id_Modified]    VARCHAR (50)  NULL,
    [Form_Id_Modified]    VARCHAR (50)  NULL,
    PRIMARY KEY CLUSTERED ([FantasyLeagueID] ASC)
);


GO
PRINT N'Creating [LeagueConfig].[Scoring_System]...';


GO
CREATE TABLE [LeagueConfig].[Scoring_System] (
    [FantasyLeagueID]      INT         NOT NULL,
    [ScoringType]          VARCHAR (4) NOT NULL,
    [WinDetermination]     VARCHAR (4) NULL,
    [TieBreaker]           NCHAR (10)  NULL,
    [TieBreakerCategoryID] INT         NULL,
    [UseCategoryWeights]   BIT         NULL,
    PRIMARY KEY CLUSTERED ([FantasyLeagueID] ASC)
);


GO
PRINT N'Creating [LeagueConfig].[Scoring_System_Category]...';


GO
CREATE TABLE [LeagueConfig].[Scoring_System_Category] (
    [FantasyLeagueID]    INT             NOT NULL,
    [CategoryID]         INT             NOT NULL,
    [HeadToHeadWeight]   DECIMAL (3, 1)  NULL,
    [PointValuePer]      DECIMAL (18, 2) NULL,
    [UseScoringRanges]   BIT             NULL,
    [UseScoringBonuses]  BIT             NULL,
    [Date_Time_Created]  DATETIME        NOT NULL,
    [User_Id_Created]    VARCHAR (50)    NULL,
    [Date_Time_Modified] DATETIME        NOT NULL,
    [User_Id_Modified]   VARCHAR (50)    NULL,
    [Form_Id_Modified]   VARCHAR (50)    NULL,
    CONSTRAINT [PK_Scoring_System_Categories] PRIMARY KEY CLUSTERED ([FantasyLeagueID] ASC, [CategoryID] ASC)
);


GO
PRINT N'Creating [LeagueConfig].[Scoring_System_Category_PointBonuses]...';


GO
CREATE TABLE [LeagueConfig].[Scoring_System_Category_PointBonuses] (
    [FantasyLeagueID]    INT             NOT NULL,
    [CategoryID]         INT             NOT NULL,
    [AwardBonusPointsAt] DECIMAL (18, 2) NULL,
    [BonusPoints]        DECIMAL (18, 2) NULL,
    [Date_Time_Created]  DATETIME        NOT NULL,
    [User_Id_Created]    VARCHAR (50)    NULL,
    [Date_Time_Modified] DATETIME        NOT NULL,
    [User_Id_Modified]   VARCHAR (50)    NULL,
    [Form_Id_Modified]   VARCHAR (50)    NULL
);


GO
PRINT N'Creating [LeagueConfig].[Scoring_System_Category_PointRange]...';


GO
CREATE TABLE [LeagueConfig].[Scoring_System_Category_PointRange] (
    [FantasyLeagueID]    INT             NOT NULL,
    [CategoryID]         INT             NOT NULL,
    [FromValue]          DECIMAL (18, 2) NOT NULL,
    [ToValue]            DECIMAL (18, 2) NOT NULL,
    [PointsForRange]     DECIMAL (18, 2) NOT NULL,
    [Date_Time_Created]  DATETIME        NOT NULL,
    [User_Id_Created]    VARCHAR (50)    NULL,
    [Date_Time_Modified] DATETIME        NOT NULL,
    [User_Id_Modified]   VARCHAR (50)    NULL,
    [Form_Id_Modified]   VARCHAR (50)    NULL
);


GO
PRINT N'Creating [LeagueConfig].[Team_Roster_Limits]...';


GO
CREATE TABLE [LeagueConfig].[Team_Roster_Limits] (
    [FantasyLeagueID]           INT          NOT NULL,
    [MinimumStartingPlayers]    INT          NOT NULL,
    [MaximumStartingPlayers]    INT          NOT NULL,
    [MinimumReservePlayers]     INT          NOT NULL,
    [MaximumReservePlayers]     INT          NOT NULL,
    [MinimumInjuredPlayers]     INT          NOT NULL,
    [MaximumInjuredPlayers]     INT          NOT NULL,
    [MinimumMinorLeaguePlayers] INT          NOT NULL,
    [MaximumMinorLeaguePlayers] INT          NOT NULL,
    [MinimumTotal]              INT          NOT NULL,
    [MaximumTotal]              INT          NOT NULL,
    [Date_Time_Created]         DATETIME     NOT NULL,
    [User_Id_Created]           VARCHAR (50) NULL,
    [Date_Time_Modified]        DATETIME     NOT NULL,
    [User_Id_Modified]          VARCHAR (50) NULL,
    [Form_Id_Modified]          VARCHAR (50) NULL,
    CONSTRAINT [PK_Team_Roster_Limits] PRIMARY KEY CLUSTERED ([FantasyLeagueID] ASC)
);


GO
PRINT N'Creating [LeagueConfig].[Team_Roster_Positions]...';


GO
CREATE TABLE [LeagueConfig].[Team_Roster_Positions] (
    [FantasyLeagueID]    INT          NOT NULL,
    [PositionID]         INT          NOT NULL,
    [MinimumStarters]    INT          NULL,
    [MaximumStarters]    INT          NULL,
    [MinimumRoster]      INT          NULL,
    [MaximumRoster]      INT          NULL,
    [Date_Time_Created]  DATETIME     NOT NULL,
    [User_Id_Created]    VARCHAR (50) NULL,
    [Date_Time_Modified] DATETIME     NOT NULL,
    [User_Id_Modified]   VARCHAR (50) NULL,
    [Form_Id_Modified]   VARCHAR (50) NULL,
    CONSTRAINT [PK_Team_Roster_Positions] PRIMARY KEY CLUSTERED ([FantasyLeagueID] ASC, [PositionID] ASC)
);


GO
PRINT N'Creating [LeagueConfig].[Transaction_Policies]...';


GO
CREATE TABLE [LeagueConfig].[Transaction_Policies] (
    [FantasyLeagueID]          INT          NOT NULL,
    [ChangeLineUpPolicy]       BIT          NOT NULL,
    [LineUpEffectiveDate]      VARCHAR (1)  NOT NULL,
    [LineUpDeadline]           VARCHAR (5)  NOT NULL,
    [RestrictDL]               BIT          NOT NULL,
    [RestrictMinors]           BIT          NOT NULL,
    [EnforceLineUpPolicy]      BIT          NOT NULL,
    [AddDropPolicy]            VARCHAR (5)  NOT NULL,
    [MaxTransactionsPerPeriod] INT          NULL,
    [TradePolicy]              VARCHAR (5)  NOT NULL,
    [VotingPeriod]             INT          NULL,
    [AllowableObjections]      INT          NULL,
    [TradeDeadline]            DATE         NULL,
    [AllowOffseasonTrades]     BIT          NOT NULL,
    [AllowDraftPickTrading]    BIT          NOT NULL,
    [Date_Time_Created]        DATETIME     NOT NULL,
    [User_Id_Created]          VARCHAR (50) NULL,
    [Date_Time_Modified]       DATETIME     NOT NULL,
    [User_Id_Modified]         VARCHAR (50) NULL,
    [Form_Id_Modified]         VARCHAR (50) NULL,
    PRIMARY KEY CLUSTERED ([FantasyLeagueID] ASC)
);


GO
PRINT N'Creating [MLB].[Eligibility]...';


GO
CREATE TABLE [MLB].[Eligibility] (
    [PlayerID]           INT          NOT NULL,
    [PositionID]         INT          NOT NULL,
    [Season]             DATE         NOT NULL,
    [PrimaryPos]         BIT          NOT NULL,
    [DaysPlayed]         INT          NOT NULL,
    [Date_Time_Created]  DATETIME     NOT NULL,
    [User_Id_Created]    VARCHAR (50) NULL,
    [Date_Time_Modified] DATETIME     NOT NULL,
    [User_Id_Modified]   VARCHAR (50) NULL,
    [Form_Id_Modified]   VARCHAR (50) NULL,
    PRIMARY KEY CLUSTERED ([PlayerID] ASC, [PositionID] ASC, [Season] ASC)
);


GO
PRINT N'Creating [MLB].[Player]...';


GO
CREATE TABLE [MLB].[Player] (
    [PlayerID]           INT           NOT NULL,
    [FirstName]          VARCHAR (100) NOT NULL,
    [LastName]           VARCHAR (100) NOT NULL,
    [Bats]               VARCHAR (1)   NOT NULL,
    [Throws]             VARCHAR (1)   NOT NULL,
    [TeamID]             INT           NOT NULL,
    [Birthdate]          DATE          NOT NULL,
    [Date_Time_Created]  DATETIME      NOT NULL,
    [User_Id_Created]    VARCHAR (50)  NULL,
    [Date_Time_Modified] DATETIME      NOT NULL,
    [User_Id_Modified]   VARCHAR (50)  NULL,
    [Form_Id_Modified]   VARCHAR (50)  NULL,
    PRIMARY KEY CLUSTERED ([PlayerID] ASC)
);


GO
PRINT N'Creating [MLB].[Position]...';


GO
CREATE TABLE [MLB].[Position] (
    [PositionID]         INT           NOT NULL,
    [Name]               VARCHAR (100) NOT NULL,
    [Date_Time_Created]  DATETIME      NOT NULL,
    [User_Id_Created]    VARCHAR (50)  NULL,
    [Date_Time_Modified] DATETIME      NOT NULL,
    [User_Id_Modified]   VARCHAR (50)  NULL,
    [Form_Id_Modified]   VARCHAR (50)  NULL,
    PRIMARY KEY CLUSTERED ([PositionID] ASC)
);


GO
PRINT N'Creating [MLB].[Stats_Daily]...';


GO
CREATE TABLE [MLB].[Stats_Daily] (
    [PlayerID]           INT            NOT NULL,
    [Day]                DATE           NOT NULL,
    [AB]                 INT            NULL,
    [R]                  INT            NULL,
    [H]                  INT            NULL,
    [1B]                 INT            NULL,
    [2B]                 INT            NULL,
    [3B]                 INT            NULL,
    [HR]                 INT            NULL,
    [RBI]                INT            NULL,
    [BB]                 INT            NULL,
    [KO]                 INT            NULL,
    [SB]                 INT            NULL,
    [CS]                 INT            NULL,
    [BA]                 DECIMAL (4, 3) NULL,
    [OBP]                DECIMAL (4, 3) NULL,
    [SLG]                DECIMAL (4, 3) NULL,
    [INN]                DECIMAL (4, 1) NULL,
    [GS]                 INT            NULL,
    [QS]                 INT            NULL,
    [CG]                 INT            NULL,
    [W]                  INT            NULL,
    [L]                  INT            NULL,
    [S]                  INT            NULL,
    [BS]                 INT            NULL,
    [K]                  INT            NULL,
    [BBI]                INT            NULL,
    [HA]                 INT            NULL,
    [ERA]                DECIMAL (6, 3) NULL,
    [WHIP]               DECIMAL (4, 3) NULL,
    [Date_Time_Created]  DATETIME       NOT NULL,
    [User_Id_Created]    VARCHAR (50)   NULL,
    [Date_Time_Modified] DATETIME       NOT NULL,
    [User_Id_Modified]   VARCHAR (50)   NULL,
    PRIMARY KEY CLUSTERED ([Day] ASC, [PlayerID] ASC)
);


GO
PRINT N'Creating [MLB].[Stats_Projection]...';


GO
CREATE TABLE [MLB].[Stats_Projection] (
    [PlayerID]           INT            NOT NULL,
    [Season]             DATE           NOT NULL,
    [AB]                 INT            NULL,
    [R]                  INT            NULL,
    [H]                  INT            NULL,
    [1B]                 INT            NULL,
    [2B]                 INT            NULL,
    [3B]                 INT            NULL,
    [HR]                 INT            NULL,
    [RBI]                INT            NULL,
    [BB]                 INT            NULL,
    [KO]                 INT            NULL,
    [SB]                 INT            NULL,
    [CS]                 INT            NULL,
    [BA]                 DECIMAL (4, 3) NULL,
    [OBP]                DECIMAL (4, 3) NULL,
    [SLG]                DECIMAL (4, 3) NULL,
    [INN]                DECIMAL (4, 1) NULL,
    [GS]                 INT            NULL,
    [QS]                 INT            NULL,
    [CG]                 INT            NULL,
    [W]                  INT            NULL,
    [L]                  INT            NULL,
    [S]                  INT            NULL,
    [BS]                 INT            NULL,
    [K]                  INT            NULL,
    [BBI]                INT            NULL,
    [HA]                 INT            NULL,
    [ERA]                DECIMAL (6, 3) NULL,
    [WHIP]               DECIMAL (4, 3) NULL,
    [Date_Time_Created]  DATETIME       NOT NULL,
    [User_Id_Created]    VARCHAR (50)   NULL,
    [Date_Time_Modified] DATETIME       NOT NULL,
    [User_Id_Modified]   VARCHAR (50)   NULL,
    [Form_Id_Modified]   VARCHAR (50)   NULL,
    PRIMARY KEY CLUSTERED ([Season] ASC, [PlayerID] ASC)
);


GO
PRINT N'Creating [MLB].[Stats_Season]...';


GO
CREATE TABLE [MLB].[Stats_Season] (
    [PlayerID]           INT            NOT NULL,
    [Season]             DATE           NOT NULL,
    [AB]                 INT            NULL,
    [R]                  INT            NULL,
    [H]                  INT            NULL,
    [1B]                 INT            NULL,
    [2B]                 INT            NULL,
    [3B]                 INT            NULL,
    [HR]                 INT            NULL,
    [RBI]                INT            NULL,
    [BB]                 INT            NULL,
    [KO]                 INT            NULL,
    [SB]                 INT            NULL,
    [CS]                 INT            NULL,
    [BA]                 DECIMAL (4, 3) NULL,
    [OBP]                DECIMAL (4, 3) NULL,
    [SLG]                DECIMAL (4, 3) NULL,
    [INN]                DECIMAL (4, 1) NULL,
    [GS]                 INT            NULL,
    [QS]                 INT            NULL,
    [CG]                 INT            NULL,
    [W]                  INT            NULL,
    [L]                  INT            NULL,
    [S]                  INT            NULL,
    [BS]                 INT            NULL,
    [K]                  INT            NULL,
    [BBI]                INT            NULL,
    [HA]                 INT            NULL,
    [ERA]                DECIMAL (6, 3) NULL,
    [WHIP]               DECIMAL (4, 3) NULL,
    [Date_Time_Created]  DATETIME       NOT NULL,
    [User_Id_Created]    VARCHAR (50)   NULL,
    [Date_Time_Modified] DATETIME       NOT NULL,
    [User_Id_Modified]   VARCHAR (50)   NULL,
    [Form_Id_Modified]   VARCHAR (50)   NULL,
    PRIMARY KEY CLUSTERED ([Season] ASC, [PlayerID] ASC)
);


GO
PRINT N'Creating [MLB].[Team]...';


GO
CREATE TABLE [MLB].[Team] (
    [TeamID]             INT           NOT NULL,
    [City]               VARCHAR (100) NULL,
    [State]              VARCHAR (2)   NULL,
    [Abbreviation]       VARCHAR (3)   NOT NULL,
    [Name]               VARCHAR (100) NOT NULL,
    [Status]             BIT           NULL,
    [League]             VARCHAR (3)   NOT NULL,
    [Date_Time_Created]  DATETIME      NOT NULL,
    [User_Id_Created]    VARCHAR (50)  NULL,
    [Date_Time_Modified] DATETIME      NOT NULL,
    [User_Id_Modified]   VARCHAR (50)  NULL,
    [Form_Id_Modified]   VARCHAR (50)  NULL,
    PRIMARY KEY CLUSTERED ([TeamID] ASC)
);


GO
PRINT N'Creating [SystemConfig].[RosterPositions]...';


GO
CREATE TABLE [SystemConfig].[RosterPositions] (
    [PositionID]         INT          NOT NULL,
    [CategoryType]       VARCHAR (1)  NOT NULL,
    [Abbreviation]       VARCHAR (10) NOT NULL,
    [Description]        VARCHAR (50) NOT NULL,
    [Date_Time_Created]  DATETIME     NOT NULL,
    [User_Id_Created]    VARCHAR (50) NULL,
    [Date_Time_Modified] DATETIME     NOT NULL,
    [User_Id_Modified]   VARCHAR (50) NULL,
    [Form_Id_Modified]   VARCHAR (50) NULL,
    PRIMARY KEY CLUSTERED ([PositionID] ASC)
);


GO
PRINT N'Creating [SystemConfig].[ScoringCategories]...';


GO
CREATE TABLE [SystemConfig].[ScoringCategories] (
    [CategoryID]         INT          NOT NULL,
    [CategoryType]       VARCHAR (1)  NOT NULL,
    [Abbreviation]       VARCHAR (10) NOT NULL,
    [Description]        VARCHAR (50) NOT NULL,
    [Date_Time_Created]  DATETIME     NOT NULL,
    [User_Id_Created]    VARCHAR (50) NULL,
    [Date_Time_Modified] DATETIME     NOT NULL,
    [User_Id_Modified]   VARCHAR (50) NULL,
    [Form_Id_Modified]   VARCHAR (50) NULL,
    PRIMARY KEY CLUSTERED ([CategoryID] ASC)
);


GO
PRINT N'Creating Default Constraint on [Fantasy].[League]....';


GO
ALTER TABLE [Fantasy].[League]
    ADD DEFAULT 'R' FOR [LeagueType];


GO
PRINT N'Creating Default Constraint on [Fantasy].[League]....';


GO
ALTER TABLE [Fantasy].[League]
    ADD DEFAULT CURRENT_TIMESTAMP FOR [Date_Time_Created];


GO
PRINT N'Creating Default Constraint on [Fantasy].[League]....';


GO
ALTER TABLE [Fantasy].[League]
    ADD DEFAULT CURRENT_TIMESTAMP FOR [Date_Time_Modified];


GO
PRINT N'Creating Default Constraint on [Fantasy].[Roster]....';


GO
ALTER TABLE [Fantasy].[Roster]
    ADD DEFAULT 'A' FOR [Status];


GO
PRINT N'Creating Default Constraint on [Fantasy].[Roster]....';


GO
ALTER TABLE [Fantasy].[Roster]
    ADD DEFAULT CURRENT_TIMESTAMP FOR [Date_Time_Created];


GO
PRINT N'Creating Default Constraint on [Fantasy].[Roster]....';


GO
ALTER TABLE [Fantasy].[Roster]
    ADD DEFAULT CURRENT_TIMESTAMP FOR [Date_Time_Modified];


GO
PRINT N'Creating Default Constraint on [Fantasy].[Team]....';


GO
ALTER TABLE [Fantasy].[Team]
    ADD DEFAULT CURRENT_TIMESTAMP FOR [Date_Time_Created];


GO
PRINT N'Creating Default Constraint on [Fantasy].[Team]....';


GO
ALTER TABLE [Fantasy].[Team]
    ADD DEFAULT CURRENT_TIMESTAMP FOR [Date_Time_Modified];


GO
PRINT N'Creating Default Constraint on [Fantasy].[Transaction]....';


GO
ALTER TABLE [Fantasy].[Transaction]
    ADD DEFAULT CURRENT_TIMESTAMP FOR [TransactionDate];


GO
PRINT N'Creating Default Constraint on [Fantasy].[Transaction]....';


GO
ALTER TABLE [Fantasy].[Transaction]
    ADD DEFAULT 0 FOR [CommissionerPerformed];


GO
PRINT N'Creating Default Constraint on [Fantasy].[Transaction]....';


GO
ALTER TABLE [Fantasy].[Transaction]
    ADD DEFAULT CURRENT_TIMESTAMP FOR [Date_Time_Created];


GO
PRINT N'Creating Default Constraint on [Fantasy].[Transaction]....';


GO
ALTER TABLE [Fantasy].[Transaction]
    ADD DEFAULT CURRENT_TIMESTAMP FOR [Date_Time_Modified];


GO
PRINT N'Creating Default Constraint on [LeagueConfig].[Config]....';


GO
ALTER TABLE [LeagueConfig].[Config]
    ADD DEFAULT CURRENT_TIMESTAMP FOR [Date_Time_Created];


GO
PRINT N'Creating Default Constraint on [LeagueConfig].[Config]....';


GO
ALTER TABLE [LeagueConfig].[Config]
    ADD DEFAULT CURRENT_TIMESTAMP FOR [Date_Time_Modified];


GO
PRINT N'Creating Default Constraint on [LeagueConfig].[Scoring_System]....';


GO
ALTER TABLE [LeagueConfig].[Scoring_System]
    ADD DEFAULT 'H2H' FOR [ScoringType];


GO
PRINT N'Creating Default Constraint on [LeagueConfig].[Scoring_System]....';


GO
ALTER TABLE [LeagueConfig].[Scoring_System]
    ADD DEFAULT 0 FOR [UseCategoryWeights];


GO
PRINT N'Creating Default Constraint on [LeagueConfig].[Scoring_System_Category]....';


GO
ALTER TABLE [LeagueConfig].[Scoring_System_Category]
    ADD DEFAULT 0 FOR [UseScoringRanges];


GO
PRINT N'Creating Default Constraint on [LeagueConfig].[Scoring_System_Category]....';


GO
ALTER TABLE [LeagueConfig].[Scoring_System_Category]
    ADD DEFAULT 0 FOR [UseScoringBonuses];


GO
PRINT N'Creating Default Constraint on [LeagueConfig].[Scoring_System_Category]....';


GO
ALTER TABLE [LeagueConfig].[Scoring_System_Category]
    ADD DEFAULT CURRENT_TIMESTAMP FOR [Date_Time_Created];


GO
PRINT N'Creating Default Constraint on [LeagueConfig].[Scoring_System_Category]....';


GO
ALTER TABLE [LeagueConfig].[Scoring_System_Category]
    ADD DEFAULT CURRENT_TIMESTAMP FOR [Date_Time_Modified];


GO
PRINT N'Creating Default Constraint on [LeagueConfig].[Scoring_System_Category_PointBonuses]....';


GO
ALTER TABLE [LeagueConfig].[Scoring_System_Category_PointBonuses]
    ADD DEFAULT CURRENT_TIMESTAMP FOR [Date_Time_Created];


GO
PRINT N'Creating Default Constraint on [LeagueConfig].[Scoring_System_Category_PointBonuses]....';


GO
ALTER TABLE [LeagueConfig].[Scoring_System_Category_PointBonuses]
    ADD DEFAULT CURRENT_TIMESTAMP FOR [Date_Time_Modified];


GO
PRINT N'Creating Default Constraint on [LeagueConfig].[Scoring_System_Category_PointRange]....';


GO
ALTER TABLE [LeagueConfig].[Scoring_System_Category_PointRange]
    ADD DEFAULT CURRENT_TIMESTAMP FOR [Date_Time_Created];


GO
PRINT N'Creating Default Constraint on [LeagueConfig].[Scoring_System_Category_PointRange]....';


GO
ALTER TABLE [LeagueConfig].[Scoring_System_Category_PointRange]
    ADD DEFAULT CURRENT_TIMESTAMP FOR [Date_Time_Modified];


GO
PRINT N'Creating Default Constraint on [LeagueConfig].[Team_Roster_Limits]....';


GO
ALTER TABLE [LeagueConfig].[Team_Roster_Limits]
    ADD DEFAULT 0 FOR [MinimumStartingPlayers];


GO
PRINT N'Creating Default Constraint on [LeagueConfig].[Team_Roster_Limits]....';


GO
ALTER TABLE [LeagueConfig].[Team_Roster_Limits]
    ADD DEFAULT 0 FOR [MaximumStartingPlayers];


GO
PRINT N'Creating Default Constraint on [LeagueConfig].[Team_Roster_Limits]....';


GO
ALTER TABLE [LeagueConfig].[Team_Roster_Limits]
    ADD DEFAULT 0 FOR [MinimumReservePlayers];


GO
PRINT N'Creating Default Constraint on [LeagueConfig].[Team_Roster_Limits]....';


GO
ALTER TABLE [LeagueConfig].[Team_Roster_Limits]
    ADD DEFAULT 0 FOR [MaximumReservePlayers];


GO
PRINT N'Creating Default Constraint on [LeagueConfig].[Team_Roster_Limits]....';


GO
ALTER TABLE [LeagueConfig].[Team_Roster_Limits]
    ADD DEFAULT 0 FOR [MinimumInjuredPlayers];


GO
PRINT N'Creating Default Constraint on [LeagueConfig].[Team_Roster_Limits]....';


GO
ALTER TABLE [LeagueConfig].[Team_Roster_Limits]
    ADD DEFAULT 0 FOR [MaximumInjuredPlayers];


GO
PRINT N'Creating Default Constraint on [LeagueConfig].[Team_Roster_Limits]....';


GO
ALTER TABLE [LeagueConfig].[Team_Roster_Limits]
    ADD DEFAULT 0 FOR [MinimumMinorLeaguePlayers];


GO
PRINT N'Creating Default Constraint on [LeagueConfig].[Team_Roster_Limits]....';


GO
ALTER TABLE [LeagueConfig].[Team_Roster_Limits]
    ADD DEFAULT 0 FOR [MaximumMinorLeaguePlayers];


GO
PRINT N'Creating Default Constraint on [LeagueConfig].[Team_Roster_Limits]....';


GO
ALTER TABLE [LeagueConfig].[Team_Roster_Limits]
    ADD DEFAULT 0 FOR [MinimumTotal];


GO
PRINT N'Creating Default Constraint on [LeagueConfig].[Team_Roster_Limits]....';


GO
ALTER TABLE [LeagueConfig].[Team_Roster_Limits]
    ADD DEFAULT 0 FOR [MaximumTotal];


GO
PRINT N'Creating Default Constraint on [LeagueConfig].[Team_Roster_Limits]....';


GO
ALTER TABLE [LeagueConfig].[Team_Roster_Limits]
    ADD DEFAULT CURRENT_TIMESTAMP FOR [Date_Time_Created];


GO
PRINT N'Creating Default Constraint on [LeagueConfig].[Team_Roster_Limits]....';


GO
ALTER TABLE [LeagueConfig].[Team_Roster_Limits]
    ADD DEFAULT CURRENT_TIMESTAMP FOR [Date_Time_Modified];


GO
PRINT N'Creating Default Constraint on [LeagueConfig].[Team_Roster_Positions]....';


GO
ALTER TABLE [LeagueConfig].[Team_Roster_Positions]
    ADD DEFAULT CURRENT_TIMESTAMP FOR [Date_Time_Created];


GO
PRINT N'Creating Default Constraint on [LeagueConfig].[Team_Roster_Positions]....';


GO
ALTER TABLE [LeagueConfig].[Team_Roster_Positions]
    ADD DEFAULT CURRENT_TIMESTAMP FOR [Date_Time_Modified];


GO
PRINT N'Creating Default Constraint on [LeagueConfig].[Transaction_Policies]....';


GO
ALTER TABLE [LeagueConfig].[Transaction_Policies]
    ADD DEFAULT 1 FOR [ChangeLineUpPolicy];


GO
PRINT N'Creating Default Constraint on [LeagueConfig].[Transaction_Policies]....';


GO
ALTER TABLE [LeagueConfig].[Transaction_Policies]
    ADD DEFAULT 'D' FOR [LineUpEffectiveDate];


GO
PRINT N'Creating Default Constraint on [LeagueConfig].[Transaction_Policies]....';


GO
ALTER TABLE [LeagueConfig].[Transaction_Policies]
    ADD DEFAULT 'GFEP' FOR [LineUpDeadline];


GO
PRINT N'Creating Default Constraint on [LeagueConfig].[Transaction_Policies]....';


GO
ALTER TABLE [LeagueConfig].[Transaction_Policies]
    ADD DEFAULT 1 FOR [RestrictDL];


GO
PRINT N'Creating Default Constraint on [LeagueConfig].[Transaction_Policies]....';


GO
ALTER TABLE [LeagueConfig].[Transaction_Policies]
    ADD DEFAULT 1 FOR [RestrictMinors];


GO
PRINT N'Creating Default Constraint on [LeagueConfig].[Transaction_Policies]....';


GO
ALTER TABLE [LeagueConfig].[Transaction_Policies]
    ADD DEFAULT 0 FOR [EnforceLineUpPolicy];


GO
PRINT N'Creating Default Constraint on [LeagueConfig].[Transaction_Policies]....';


GO
ALTER TABLE [LeagueConfig].[Transaction_Policies]
    ADD DEFAULT 'ABC' FOR [AddDropPolicy];


GO
PRINT N'Creating Default Constraint on [LeagueConfig].[Transaction_Policies]....';


GO
ALTER TABLE [LeagueConfig].[Transaction_Policies]
    ADD DEFAULT 'VP' FOR [TradePolicy];


GO
PRINT N'Creating Default Constraint on [LeagueConfig].[Transaction_Policies]....';


GO
ALTER TABLE [LeagueConfig].[Transaction_Policies]
    ADD DEFAULT 1 FOR [AllowOffseasonTrades];


GO
PRINT N'Creating Default Constraint on [LeagueConfig].[Transaction_Policies]....';


GO
ALTER TABLE [LeagueConfig].[Transaction_Policies]
    ADD DEFAULT 1 FOR [AllowDraftPickTrading];


GO
PRINT N'Creating Default Constraint on [LeagueConfig].[Transaction_Policies]....';


GO
ALTER TABLE [LeagueConfig].[Transaction_Policies]
    ADD DEFAULT CURRENT_TIMESTAMP FOR [Date_Time_Created];


GO
PRINT N'Creating Default Constraint on [LeagueConfig].[Transaction_Policies]....';


GO
ALTER TABLE [LeagueConfig].[Transaction_Policies]
    ADD DEFAULT CURRENT_TIMESTAMP FOR [Date_Time_Modified];


GO
PRINT N'Creating Default Constraint on [MLB].[Eligibility]....';


GO
ALTER TABLE [MLB].[Eligibility]
    ADD DEFAULT GETDATE() FOR [Season];


GO
PRINT N'Creating Default Constraint on [MLB].[Eligibility]....';


GO
ALTER TABLE [MLB].[Eligibility]
    ADD DEFAULT 1 FOR [PrimaryPos];


GO
PRINT N'Creating Default Constraint on [MLB].[Eligibility]....';


GO
ALTER TABLE [MLB].[Eligibility]
    ADD DEFAULT 0 FOR [DaysPlayed];


GO
PRINT N'Creating Default Constraint on [MLB].[Eligibility]....';


GO
ALTER TABLE [MLB].[Eligibility]
    ADD DEFAULT CURRENT_TIMESTAMP FOR [Date_Time_Created];


GO
PRINT N'Creating Default Constraint on [MLB].[Eligibility]....';


GO
ALTER TABLE [MLB].[Eligibility]
    ADD DEFAULT CURRENT_TIMESTAMP FOR [Date_Time_Modified];


GO
PRINT N'Creating Default Constraint on [MLB].[Player]....';


GO
ALTER TABLE [MLB].[Player]
    ADD DEFAULT GETDATE() FOR [Birthdate];


GO
PRINT N'Creating Default Constraint on [MLB].[Player]....';


GO
ALTER TABLE [MLB].[Player]
    ADD DEFAULT CURRENT_TIMESTAMP FOR [Date_Time_Created];


GO
PRINT N'Creating Default Constraint on [MLB].[Player]....';


GO
ALTER TABLE [MLB].[Player]
    ADD DEFAULT CURRENT_TIMESTAMP FOR [Date_Time_Modified];


GO
PRINT N'Creating Default Constraint on [MLB].[Position]....';


GO
ALTER TABLE [MLB].[Position]
    ADD DEFAULT CURRENT_TIMESTAMP FOR [Date_Time_Created];


GO
PRINT N'Creating Default Constraint on [MLB].[Position]....';


GO
ALTER TABLE [MLB].[Position]
    ADD DEFAULT CURRENT_TIMESTAMP FOR [Date_Time_Modified];


GO
PRINT N'Creating Default Constraint on [MLB].[Stats_Daily]....';


GO
ALTER TABLE [MLB].[Stats_Daily]
    ADD DEFAULT GETDATE() FOR [Day];


GO
PRINT N'Creating Default Constraint on [MLB].[Stats_Daily]....';


GO
ALTER TABLE [MLB].[Stats_Daily]
    ADD DEFAULT CURRENT_TIMESTAMP FOR [Date_Time_Created];


GO
PRINT N'Creating Default Constraint on [MLB].[Stats_Daily]....';


GO
ALTER TABLE [MLB].[Stats_Daily]
    ADD DEFAULT CURRENT_TIMESTAMP FOR [Date_Time_Modified];


GO
PRINT N'Creating Default Constraint on [MLB].[Stats_Projection]....';


GO
ALTER TABLE [MLB].[Stats_Projection]
    ADD DEFAULT GETDATE() FOR [Season];


GO
PRINT N'Creating Default Constraint on [MLB].[Stats_Projection]....';


GO
ALTER TABLE [MLB].[Stats_Projection]
    ADD DEFAULT CURRENT_TIMESTAMP FOR [Date_Time_Created];


GO
PRINT N'Creating Default Constraint on [MLB].[Stats_Projection]....';


GO
ALTER TABLE [MLB].[Stats_Projection]
    ADD DEFAULT CURRENT_TIMESTAMP FOR [Date_Time_Modified];


GO
PRINT N'Creating Default Constraint on [MLB].[Stats_Season]....';


GO
ALTER TABLE [MLB].[Stats_Season]
    ADD DEFAULT GETDATE() FOR [Season];


GO
PRINT N'Creating Default Constraint on [MLB].[Stats_Season]....';


GO
ALTER TABLE [MLB].[Stats_Season]
    ADD DEFAULT CURRENT_TIMESTAMP FOR [Date_Time_Created];


GO
PRINT N'Creating Default Constraint on [MLB].[Stats_Season]....';


GO
ALTER TABLE [MLB].[Stats_Season]
    ADD DEFAULT CURRENT_TIMESTAMP FOR [Date_Time_Modified];


GO
PRINT N'Creating Default Constraint on [MLB].[Team]....';


GO
ALTER TABLE [MLB].[Team]
    ADD DEFAULT ((1)) FOR [Status];


GO
PRINT N'Creating Default Constraint on [MLB].[Team]....';


GO
ALTER TABLE [MLB].[Team]
    ADD DEFAULT ('MLB') FOR [League];


GO
PRINT N'Creating Default Constraint on [MLB].[Team]....';


GO
ALTER TABLE [MLB].[Team]
    ADD DEFAULT CURRENT_TIMESTAMP FOR [Date_Time_Created];


GO
PRINT N'Creating Default Constraint on [MLB].[Team]....';


GO
ALTER TABLE [MLB].[Team]
    ADD DEFAULT CURRENT_TIMESTAMP FOR [Date_Time_Modified];


GO
PRINT N'Creating Default Constraint on [SystemConfig].[RosterPositions]....';


GO
ALTER TABLE [SystemConfig].[RosterPositions]
    ADD DEFAULT 'B' FOR [CategoryType];


GO
PRINT N'Creating Default Constraint on [SystemConfig].[RosterPositions]....';


GO
ALTER TABLE [SystemConfig].[RosterPositions]
    ADD DEFAULT CURRENT_TIMESTAMP FOR [Date_Time_Created];


GO
PRINT N'Creating Default Constraint on [SystemConfig].[RosterPositions]....';


GO
ALTER TABLE [SystemConfig].[RosterPositions]
    ADD DEFAULT CURRENT_TIMESTAMP FOR [Date_Time_Modified];


GO
PRINT N'Creating Default Constraint on [SystemConfig].[ScoringCategories]....';


GO
ALTER TABLE [SystemConfig].[ScoringCategories]
    ADD DEFAULT 'B' FOR [CategoryType];


GO
PRINT N'Creating Default Constraint on [SystemConfig].[ScoringCategories]....';


GO
ALTER TABLE [SystemConfig].[ScoringCategories]
    ADD DEFAULT CURRENT_TIMESTAMP FOR [Date_Time_Created];


GO
PRINT N'Creating Default Constraint on [SystemConfig].[ScoringCategories]....';


GO
ALTER TABLE [SystemConfig].[ScoringCategories]
    ADD DEFAULT CURRENT_TIMESTAMP FOR [Date_Time_Modified];


GO
PRINT N'Creating FK_Eligilblity_Posiition...';


GO
ALTER TABLE [MLB].[Eligibility] WITH NOCHECK
    ADD CONSTRAINT [FK_Eligilblity_Posiition] FOREIGN KEY ([PositionID]) REFERENCES [MLB].[Position] ([PositionID]) ON DELETE CASCADE;


GO
PRINT N'Creating CK_Fantasy_League_LeagueType...';


GO
ALTER TABLE [Fantasy].[League] WITH NOCHECK
    ADD CONSTRAINT [CK_Fantasy_League_LeagueType] CHECK (LeagueType = 'R' OR LeagueType = 'K' OR LeagueType = 'D');


GO
PRINT N'Creating CK_Fantasy_Roster_Status...';


GO
ALTER TABLE [Fantasy].[Roster] WITH NOCHECK
    ADD CONSTRAINT [CK_Fantasy_Roster_Status] CHECK (Status = 'A' OR Status = 'R' OR Status = 'I' OR Status = 'M');


GO
-- Refactoring step to update target server with deployed transaction logs

IF OBJECT_ID(N'dbo.__RefactorLog') IS NULL
BEGIN
    CREATE TABLE [dbo].[__RefactorLog] (OperationKey UNIQUEIDENTIFIER NOT NULL PRIMARY KEY)
    EXEC sp_addextendedproperty N'microsoft_database_tools_support', N'refactoring log', N'schema', N'dbo', N'table', N'__RefactorLog'
END
GO
IF NOT EXISTS (SELECT OperationKey FROM [dbo].[__RefactorLog] WHERE OperationKey = '5b991590-0865-49c9-95a8-c034b6ce26fe')
INSERT INTO [dbo].[__RefactorLog] (OperationKey) values ('5b991590-0865-49c9-95a8-c034b6ce26fe')
IF NOT EXISTS (SELECT OperationKey FROM [dbo].[__RefactorLog] WHERE OperationKey = '3e29ad30-7a66-4f68-9fe6-389f71a47a2d')
INSERT INTO [dbo].[__RefactorLog] (OperationKey) values ('3e29ad30-7a66-4f68-9fe6-389f71a47a2d')
IF NOT EXISTS (SELECT OperationKey FROM [dbo].[__RefactorLog] WHERE OperationKey = 'b6fe7736-ed0d-4412-b930-64d5fe77de5d')
INSERT INTO [dbo].[__RefactorLog] (OperationKey) values ('b6fe7736-ed0d-4412-b930-64d5fe77de5d')
IF NOT EXISTS (SELECT OperationKey FROM [dbo].[__RefactorLog] WHERE OperationKey = '082788fa-0d50-4f1a-b516-c40d2b8c23f1')
INSERT INTO [dbo].[__RefactorLog] (OperationKey) values ('082788fa-0d50-4f1a-b516-c40d2b8c23f1')
IF NOT EXISTS (SELECT OperationKey FROM [dbo].[__RefactorLog] WHERE OperationKey = 'cf6f3c10-eada-48e6-bbe7-938ee8102571')
INSERT INTO [dbo].[__RefactorLog] (OperationKey) values ('cf6f3c10-eada-48e6-bbe7-938ee8102571')
IF NOT EXISTS (SELECT OperationKey FROM [dbo].[__RefactorLog] WHERE OperationKey = '5447d75f-b792-4723-a267-89d06f1f8cb0')
INSERT INTO [dbo].[__RefactorLog] (OperationKey) values ('5447d75f-b792-4723-a267-89d06f1f8cb0')
IF NOT EXISTS (SELECT OperationKey FROM [dbo].[__RefactorLog] WHERE OperationKey = 'f1d4017e-af9d-4689-8016-32a1435a0a20')
INSERT INTO [dbo].[__RefactorLog] (OperationKey) values ('f1d4017e-af9d-4689-8016-32a1435a0a20')
IF NOT EXISTS (SELECT OperationKey FROM [dbo].[__RefactorLog] WHERE OperationKey = '43e65096-cbd4-4c8e-ac93-d628507d10da')
INSERT INTO [dbo].[__RefactorLog] (OperationKey) values ('43e65096-cbd4-4c8e-ac93-d628507d10da')
IF NOT EXISTS (SELECT OperationKey FROM [dbo].[__RefactorLog] WHERE OperationKey = '73091309-46ba-42ff-b239-5c1916e17514')
INSERT INTO [dbo].[__RefactorLog] (OperationKey) values ('73091309-46ba-42ff-b239-5c1916e17514')
IF NOT EXISTS (SELECT OperationKey FROM [dbo].[__RefactorLog] WHERE OperationKey = '5d9ea605-350c-4111-ad30-3f5b8bc000be')
INSERT INTO [dbo].[__RefactorLog] (OperationKey) values ('5d9ea605-350c-4111-ad30-3f5b8bc000be')

GO

GO


EXEC sp_MSForEachTable 'DELETE FROM ?' 
GO

-- Teams
INSERT INTO MLB.Team (TeamID, Abbreviation, Name) VALUES (1, 'ARI', 'Diamondbacks')
INSERT INTO MLB.Team (TeamID, Abbreviation, Name) VALUES (2, 'ATL', 'Braves')
INSERT INTO MLB.Team (TeamID, Abbreviation, Name) VALUES (3, 'BAL', 'Orioles')
INSERT INTO MLB.Team (TeamID, Abbreviation, Name) VALUES (4, 'BOS', 'Red Sox')
INSERT INTO MLB.Team (TeamID, Abbreviation, Name) VALUES (5, 'CHC', 'Cubs')
INSERT INTO MLB.Team (TeamID, Abbreviation, Name) VALUES (6, 'CHW', 'White Sox')
INSERT INTO MLB.Team (TeamID, Abbreviation, Name) VALUES (7, 'CIN', 'Reds')
INSERT INTO MLB.Team (TeamID, Abbreviation, Name) VALUES (8, 'CLE', 'Indians')
INSERT INTO MLB.Team (TeamID, Abbreviation, Name) VALUES (9, 'COL', 'Rockies')
INSERT INTO MLB.Team (TeamID, Abbreviation, Name) VALUES (10, 'DET', 'Tigers')
INSERT INTO MLB.Team (TeamID, Abbreviation, Name) VALUES (11, 'HOU', 'Astros')
INSERT INTO MLB.Team (TeamID, Abbreviation, Name) VALUES (12, 'KC', 'Royals')
INSERT INTO MLB.Team (TeamID, Abbreviation, Name) VALUES (13, 'LAA', 'Angels')
INSERT INTO MLB.Team (TeamID, Abbreviation, Name) VALUES (14, 'LAD', 'Dodgers')
INSERT INTO MLB.Team (TeamID, Abbreviation, Name) VALUES (15, 'MIA', 'Marlins')
INSERT INTO MLB.Team (TeamID, Abbreviation, Name) VALUES (16, 'MIL', 'Brewers')
INSERT INTO MLB.Team (TeamID, Abbreviation, Name) VALUES (17, 'MIN', 'Twins')
INSERT INTO MLB.Team (TeamID, Abbreviation, Name) VALUES (18, 'NYM', 'Mets')
INSERT INTO MLB.Team (TeamID, Abbreviation, Name) VALUES (19, 'NYY', 'Yankees')
INSERT INTO MLB.Team (TeamID, Abbreviation, Name) VALUES (20, 'OAK', 'As')
INSERT INTO MLB.Team (TeamID, Abbreviation, Name) VALUES (21, 'PHI', 'Phillies')
INSERT INTO MLB.Team (TeamID, Abbreviation, Name) VALUES (22, 'PIT', 'Pirates')
INSERT INTO MLB.Team (TeamID, Abbreviation, Name) VALUES (23, 'SD', 'Padres')
INSERT INTO MLB.Team (TeamID, Abbreviation, Name) VALUES (24, 'SEA', 'Mariners')
INSERT INTO MLB.Team (TeamID, Abbreviation, Name) VALUES (25, 'SF', 'Giants')
INSERT INTO MLB.Team (TeamID, Abbreviation, Name) VALUES (26, 'STL', 'Cardinals')
INSERT INTO MLB.Team (TeamID, Abbreviation, Name) VALUES (27, 'TB', 'Rays')
INSERT INTO MLB.Team (TeamID, Abbreviation, Name) VALUES (28, 'TEX', 'Rangers')
INSERT INTO MLB.Team (TeamID, Abbreviation, Name) VALUES (29, 'TOR', 'Blue Jays')
INSERT INTO MLB.Team (TeamID, Abbreviation, Name) VALUES (30, 'WAS', 'Nationals')

-- Positions
INSERT INTO MLB.Position (PositionID, Name) VALUES (1, 'C')
INSERT INTO MLB.Position (PositionID, Name) VALUES (2, '1B')
INSERT INTO MLB.Position (PositionID, Name) VALUES (3, '2B')
INSERT INTO MLB.Position (PositionID, Name) VALUES (4, '3B')
INSERT INTO MLB.Position (PositionID, Name) VALUES (5, 'SS')
INSERT INTO MLB.Position (PositionID, Name) VALUES (6, 'OF')
INSERT INTO MLB.Position (PositionID, Name) VALUES (7, 'SP')
INSERT INTO MLB.Position (PositionID, Name) VALUES (8, 'RP')

-- Players
INSERT INTO MLB.Player (PlayerID, FirstName, LastName, Bats, Throws, TeamID, Birthdate) VALUES (1, 'Buster', 'Posey', 'R', 'R', '1', GETDATE())
INSERT INTO MLB.Player (PlayerID, FirstName, LastName, Bats, Throws, TeamID, Birthdate) VALUES (2, 'Freddie', 'Freeman', 'R', 'R', '1', GETDATE())
INSERT INTO MLB.Player (PlayerID, FirstName, LastName, Bats, Throws, TeamID, Birthdate) VALUES (3, 'Kolten', 'Wong', 'R', 'R', '1', GETDATE())
INSERT INTO MLB.Player (PlayerID, FirstName, LastName, Bats, Throws, TeamID, Birthdate) VALUES (4, 'Josh', 'Donaldson', 'R', 'R', '1', GETDATE())
INSERT INTO MLB.Player (PlayerID, FirstName, LastName, Bats, Throws, TeamID, Birthdate) VALUES (5, 'Corey', 'Seager', 'R', 'R', '14', GETDATE())
INSERT INTO MLB.Player (PlayerID, FirstName, LastName, Bats, Throws, TeamID, Birthdate) VALUES (6, 'Mookie', 'Betts', 'R', 'R', '1', GETDATE())
INSERT INTO MLB.Player (PlayerID, FirstName, LastName, Bats, Throws, TeamID, Birthdate) VALUES (7, 'George', 'Springer', 'R', 'R', '1', GETDATE())
INSERT INTO MLB.Player (PlayerID, FirstName, LastName, Bats, Throws, TeamID, Birthdate) VALUES (8, 'Justin', 'Upton', 'R', 'R', '1', GETDATE())
INSERT INTO MLB.Player (PlayerID, FirstName, LastName, Bats, Throws, TeamID, Birthdate) VALUES (9, 'Adrian', 'Gonzalez', 'R', 'R', '1', GETDATE())
INSERT INTO MLB.Player (PlayerID, FirstName, LastName, Bats, Throws, TeamID, Birthdate) VALUES (10, 'Anthony', 'Rendon', 'R', 'R', '1', GETDATE())
INSERT INTO MLB.Player (PlayerID, FirstName, LastName, Bats, Throws, TeamID, Birthdate) VALUES (11, 'Kyle', 'Seager', 'R', 'R', '24', GETDATE())
INSERT INTO MLB.Player (PlayerID, FirstName, LastName, Bats, Throws, TeamID, Birthdate) VALUES (12, 'Addison', 'Russell', 'R', 'R', '1', GETDATE())
INSERT INTO MLB.Player (PlayerID, FirstName, LastName, Bats, Throws, TeamID, Birthdate) VALUES (13, 'Corey', 'Dickerson', 'R', 'R', '1', GETDATE())
INSERT INTO MLB.Player (PlayerID, FirstName, LastName, Bats, Throws, TeamID, Birthdate) VALUES (14, 'Jurickson', 'Profar', 'R', 'R', '2', GETDATE())
INSERT INTO MLB.Player (PlayerID, FirstName, LastName, Bats, Throws, TeamID, Birthdate) VALUES (15, 'Jorge', 'Alfaro', 'R', 'R', '2', GETDATE())
INSERT INTO MLB.Player (PlayerID, FirstName, LastName, Bats, Throws, TeamID, Birthdate) VALUES (16, 'Franklin', 'Barreto', 'R', 'R', '2', GETDATE())
INSERT INTO MLB.Player (PlayerID, FirstName, LastName, Bats, Throws, TeamID, Birthdate) VALUES (17, 'Trevor', 'Story', 'R', 'R', '2', GETDATE())
INSERT INTO MLB.Player (PlayerID, FirstName, LastName, Bats, Throws, TeamID, Birthdate) VALUES (18, 'Lewis', 'Brinson', 'R', 'R', '2', GETDATE())
INSERT INTO MLB.Player (PlayerID, FirstName, LastName, Bats, Throws, TeamID, Birthdate) VALUES (19, 'Byron', 'Buxton', 'R', 'R', '2', GETDATE())
INSERT INTO MLB.Player (PlayerID, FirstName, LastName, Bats, Throws, TeamID, Birthdate) VALUES (20, 'Alex', 'Jackson', 'R', 'R', '2', GETDATE())
INSERT INTO MLB.Player (PlayerID, FirstName, LastName, Bats, Throws, TeamID, Birthdate) VALUES (21, 'Carlos', 'Carrasco', 'R', 'R', '2', GETDATE())
INSERT INTO MLB.Player (PlayerID, FirstName, LastName, Bats, Throws, TeamID, Birthdate) VALUES (22, 'Tyson', 'Ross', 'R', 'R', '2', GETDATE())
INSERT INTO MLB.Player (PlayerID, FirstName, LastName, Bats, Throws, TeamID, Birthdate) VALUES (23, 'Danny', 'Salazar', 'R', 'R', '2', GETDATE())
INSERT INTO MLB.Player (PlayerID, FirstName, LastName, Bats, Throws, TeamID, Birthdate) VALUES (24, 'Luis', 'Severino', 'R', 'R', '2', GETDATE())
INSERT INTO MLB.Player (PlayerID, FirstName, LastName, Bats, Throws, TeamID, Birthdate) VALUES (25, 'Jordan', 'Zimmermann', 'R', 'R', '2', GETDATE())
INSERT INTO MLB.Player (PlayerID, FirstName, LastName, Bats, Throws, TeamID, Birthdate) VALUES (26, 'Jacob', 'deGrom', 'R', 'R', '2', GETDATE())
INSERT INTO MLB.Player (PlayerID, FirstName, LastName, Bats, Throws, TeamID, Birthdate) VALUES (27, 'Zach', 'Britton', 'R', 'R', '3', GETDATE())
INSERT INTO MLB.Player (PlayerID, FirstName, LastName, Bats, Throws, TeamID, Birthdate) VALUES (28, 'Jeurys', 'Familia', 'R', 'R', '3', GETDATE())
INSERT INTO MLB.Player (PlayerID, FirstName, LastName, Bats, Throws, TeamID, Birthdate) VALUES (29, 'Huston', 'Street', 'R', 'R', '3', GETDATE())
INSERT INTO MLB.Player (PlayerID, FirstName, LastName, Bats, Throws, TeamID, Birthdate) VALUES (30, 'Yu', 'Darvish', 'R', 'R', '3', GETDATE())
INSERT INTO MLB.Player (PlayerID, FirstName, LastName, Bats, Throws, TeamID, Birthdate) VALUES (31, 'Nathan', 'Karns', 'R', 'R', '3', GETDATE())
INSERT INTO MLB.Player (PlayerID, FirstName, LastName, Bats, Throws, TeamID, Birthdate) VALUES (32, 'Carlos', 'Rodon', 'R', 'R', '3', GETDATE())
INSERT INTO MLB.Player (PlayerID, FirstName, LastName, Bats, Throws, TeamID, Birthdate) VALUES (33, 'Hector', 'Santiago', 'R', 'R', '3', GETDATE())
INSERT INTO MLB.Player (PlayerID, FirstName, LastName, Bats, Throws, TeamID, Birthdate) VALUES (34, 'Yordano', 'Ventura', 'R', 'R', '3', GETDATE())
INSERT INTO MLB.Player (PlayerID, FirstName, LastName, Bats, Throws, TeamID, Birthdate) VALUES (35, 'Homer', 'Bailey', 'R', 'R', '3', GETDATE())
INSERT INTO MLB.Player (PlayerID, FirstName, LastName, Bats, Throws, TeamID, Birthdate) VALUES (36, 'Michael', 'Fulmer', 'R', 'R', '3', GETDATE())
INSERT INTO MLB.Player (PlayerID, FirstName, LastName, Bats, Throws, TeamID, Birthdate) VALUES (37, 'Robert', 'Stephenson', 'R', 'R', '4', GETDATE())
INSERT INTO MLB.Player (PlayerID, FirstName, LastName, Bats, Throws, TeamID, Birthdate) VALUES (38, 'Jose', 'De Leon', 'R', 'R', '4', GETDATE())

-- Season Stats
INSERT INTO MLB.Stats_Season (PlayerID, Season, AB, R, H, [1B], [2B], [3B], HR, RBI, BB, KO, SB, CS, BA, OBP, SLG) VALUES ( MLB.fnGetPlayerID( 'Donaldson', ''), '1/1/2015',  620,122,184,100,41,2,41,123,73,133,6,0,0.297,0.371,0.568)
INSERT INTO MLB.Stats_Season (PlayerID, Season, AB, R, H, [1B], [2B], [3B], HR, RBI, BB, KO, SB, CS, BA, OBP, SLG) VALUES ( MLB.fnGetPlayerID( 'Betts', ''), '1/1/2015',  597,92,174,106,42,8,18,77,46,82,21,6,0.291,0.341,0.479)
INSERT INTO MLB.Stats_Season (PlayerID, Season, AB, R, H, [1B], [2B], [3B], HR, RBI, BB, KO, SB, CS, BA, OBP, SLG) VALUES ( MLB.fnGetPlayerID( 'Upton', ''), '1/1/2015',  542,85,136,81,26,3,26,81,68,159,19,5,0.251,0.336,0.454)
INSERT INTO MLB.Stats_Season (PlayerID, Season, AB, R, H, [1B], [2B], [3B], HR, RBI, BB, KO, SB, CS, BA, OBP, SLG) VALUES ( MLB.fnGetPlayerID( 'Posey', ''), '1/1/2015',  557,74,177,130,28,0,19,95,56,52,2,0,0.318,0.379,0.47)
INSERT INTO MLB.Stats_Season (PlayerID, Season, AB, R, H, [1B], [2B], [3B], HR, RBI, BB, KO, SB, CS, BA, OBP, SLG) VALUES ( MLB.fnGetPlayerID( 'Gonzalez', ''), '1/1/2015',  571,76,157,96,33,0,28,90,62,107,0,1,0.275,0.35,0.48)
INSERT INTO MLB.Stats_Season (PlayerID, Season, AB, R, H, [1B], [2B], [3B], HR, RBI, BB, KO, SB, CS, BA, OBP, SLG) VALUES ( MLB.fnGetPlayerID( 'Seager', 'LAD'), '1/1/2015',  623,85,166,103,37,0,26,74,54,98,6,6,0.267,0.328,0.451)
INSERT INTO MLB.Stats_Season (PlayerID, Season, AB, R, H, [1B], [2B], [3B], HR, RBI, BB, KO, SB, CS, BA, OBP, SLG) VALUES ( MLB.fnGetPlayerID( 'Wong', ''), '1/1/2015',  557,71,146,103,28,4,11,61,36,95,15,8,0.262,0.321,0.386)
INSERT INTO MLB.Stats_Season (PlayerID, Season, AB, R, H, [1B], [2B], [3B], HR, RBI, BB, KO, SB, CS, BA, OBP, SLG) VALUES ( MLB.fnGetPlayerID( 'Freeman', ''), '1/1/2015',  416,62,115,70,27,0,18,66,56,98,3,1,0.276,0.37,0.471)
INSERT INTO MLB.Stats_Season (PlayerID, Season, AB, R, H, [1B], [2B], [3B], HR, RBI, BB, KO, SB, CS, BA, OBP, SLG) VALUES ( MLB.fnGetPlayerID( 'Springer', ''), '1/1/2015',  388,59,107,70,19,2,16,41,50,109,16,4,0.276,0.367,0.459)
INSERT INTO MLB.Stats_Season (PlayerID, Season, AB, R, H, [1B], [2B], [3B], HR, RBI, BB, KO, SB, CS, BA, OBP, SLG) VALUES ( MLB.fnGetPlayerID( 'Russell', ''), '1/1/2015',  475,60,115,72,29,1,13,54,42,149,4,3,0.242,0.306,0.39)
INSERT INTO MLB.Stats_Season (PlayerID, Season, AB, R, H, [1B], [2B], [3B], HR, RBI, BB, KO, SB, CS, BA, OBP, SLG) VALUES ( MLB.fnGetPlayerID( 'Dickerson', ''), '1/1/2015',  224,30,68,38,18,2,10,31,10,56,0,1,0.304,0.333,0.536)
INSERT INTO MLB.Stats_Season (PlayerID, Season, AB, R, H, [1B], [2B], [3B], HR, RBI, BB, KO, SB, CS, BA, OBP, SLG) VALUES ( MLB.fnGetPlayerID( 'Rendon', ''), '1/1/2015',  311,43,82,61,16,0,5,25,36,70,1,2,0.264,0.344,0.363)
INSERT INTO MLB.Stats_Season (PlayerID, Season, AB, R, H, [1B], [2B], [3B], HR, RBI, BB, KO, SB, CS, BA, OBP, SLG) VALUES ( MLB.fnGetPlayerID( 'Seager', 'SEA'), '1/1/2015',  98,17,33,20,8,1,4,17,14,19,2,0,0.337,0.425,0.561)
INSERT INTO MLB.Stats_Season (PlayerID, Season, AB, R, H, [1B], [2B], [3B], HR, RBI, BB, KO, SB, CS, BA, OBP, SLG) VALUES ( MLB.fnGetPlayerID( 'Buxton', ''), '1/1/2015',  129,16,27,17,7,1,2,6,6,44,2,2,0.209,0.25,0.326)
INSERT INTO MLB.Stats_Season (PlayerID, Season, AB, R, H, [1B], [2B], [3B], HR, RBI, BB, KO, SB, CS, BA, OBP, SLG) VALUES ( MLB.fnGetPlayerID( 'Profar', ''), '1/1/2015',  0,0,0,0,0,0,0,0,0,0,0,0,0,0,0)
INSERT INTO MLB.Stats_Season (PlayerID, Season, AB, R, H, [1B], [2B], [3B], HR, RBI, BB, KO, SB, CS, BA, OBP, SLG) VALUES ( MLB.fnGetPlayerID( 'Alfaro', ''), '1/1/2015',  0,0,0,0,0,0,0,0,0,0,0,0,0,0,0)
INSERT INTO MLB.Stats_Season (PlayerID, Season, AB, R, H, [1B], [2B], [3B], HR, RBI, BB, KO, SB, CS, BA, OBP, SLG) VALUES ( MLB.fnGetPlayerID( 'Story', ''), '1/1/2015',  0,0,0,0,0,0,0,0,0,0,0,0,0,0,0)
INSERT INTO MLB.Stats_Season (PlayerID, Season, AB, R, H, [1B], [2B], [3B], HR, RBI, BB, KO, SB, CS, BA, OBP, SLG) VALUES ( MLB.fnGetPlayerID( 'Brinson', ''), '1/1/2015',  0,0,0,0,0,0,0,0,0,0,0,0,0,0,0)
INSERT INTO MLB.Stats_Season (PlayerID, Season, AB, R, H, [1B], [2B], [3B], HR, RBI, BB, KO, SB, CS, BA, OBP, SLG) VALUES ( MLB.fnGetPlayerID( 'Jackson', ''), '1/1/2015',  0,0,0,0,0,0,0,0,0,0,0,0,0,0,0)
INSERT INTO MLB.Stats_Season (PlayerID, Season, AB, R, H, [1B], [2B], [3B], HR, RBI, BB, KO, SB, CS, BA, OBP, SLG) VALUES ( MLB.fnGetPlayerID( 'Barreto', ''), '1/1/2015',  0,0,0,0,0,0,0,0,0,0,0,0,0,0,0)


-- MLB.Eligibility 
INSERT INTO MLB.Eligibility (PlayerID, PositionID) VALUES (1, 1)
INSERT INTO MLB.Eligibility (PlayerID, PositionID, PrimaryPos, DaysPlayed) VALUES (1, 2, 0, 25)
INSERT INTO MLB.Eligibility (PlayerID, PositionID) VALUES (2, 2)
INSERT INTO MLB.Eligibility (PlayerID, PositionID) VALUES (3, 3)
INSERT INTO MLB.Eligibility (PlayerID, PositionID) VALUES (4, 4)
INSERT INTO MLB.Eligibility (PlayerID, PositionID) VALUES (5, 5)
INSERT INTO MLB.Eligibility (PlayerID, PositionID) VALUES (6, 6)
INSERT INTO MLB.Eligibility (PlayerID, PositionID) VALUES (7, 6)
INSERT INTO MLB.Eligibility (PlayerID, PositionID) VALUES (8, 6)
INSERT INTO MLB.Eligibility (PlayerID, PositionID) VALUES (9, 2)
INSERT INTO MLB.Eligibility (PlayerID, PositionID) VALUES (10, 4)
INSERT INTO MLB.Eligibility (PlayerID, PositionID) VALUES (11, 4)
INSERT INTO MLB.Eligibility (PlayerID, PositionID) VALUES (12, 5)
INSERT INTO MLB.Eligibility (PlayerID, PositionID) VALUES (13, 6)
INSERT INTO MLB.Eligibility (PlayerID, PositionID) VALUES (14, 3)
INSERT INTO MLB.Eligibility (PlayerID, PositionID) VALUES (15, 1)
INSERT INTO MLB.Eligibility (PlayerID, PositionID) VALUES (16, 5)
INSERT INTO MLB.Eligibility (PlayerID, PositionID) VALUES (17, 5)
INSERT INTO MLB.Eligibility (PlayerID, PositionID) VALUES (18, 6)
INSERT INTO MLB.Eligibility (PlayerID, PositionID) VALUES (19, 6)
INSERT INTO MLB.Eligibility (PlayerID, PositionID) VALUES (20, 6)
INSERT INTO MLB.Eligibility (PlayerID, PositionID) VALUES (21, 7)
INSERT INTO MLB.Eligibility (PlayerID, PositionID) VALUES (22, 7)
INSERT INTO MLB.Eligibility (PlayerID, PositionID) VALUES (23, 7)
INSERT INTO MLB.Eligibility (PlayerID, PositionID) VALUES (24, 7)
INSERT INTO MLB.Eligibility (PlayerID, PositionID) VALUES (25, 7)
INSERT INTO MLB.Eligibility (PlayerID, PositionID) VALUES (26, 7)
INSERT INTO MLB.Eligibility (PlayerID, PositionID) VALUES (27, 8)
INSERT INTO MLB.Eligibility (PlayerID, PositionID) VALUES (28, 8)
INSERT INTO MLB.Eligibility (PlayerID, PositionID) VALUES (29, 8)
INSERT INTO MLB.Eligibility (PlayerID, PositionID) VALUES (30, 7)
INSERT INTO MLB.Eligibility (PlayerID, PositionID) VALUES (31, 7)
INSERT INTO MLB.Eligibility (PlayerID, PositionID) VALUES (32, 7)
INSERT INTO MLB.Eligibility (PlayerID, PositionID) VALUES (33, 7)
INSERT INTO MLB.Eligibility (PlayerID, PositionID) VALUES (34, 7)
INSERT INTO MLB.Eligibility (PlayerID, PositionID) VALUES (35, 7)
INSERT INTO MLB.Eligibility (PlayerID, PositionID) VALUES (36, 7)
INSERT INTO MLB.Eligibility (PlayerID, PositionID) VALUES (37, 7)
INSERT INTO MLB.Eligibility (PlayerID, PositionID) VALUES (38, 7)

-- Fantasy Leagues
INSERT INTO Fantasy.League (FantasyLeagueID, Name, OwnerID) VALUES (1, 'The Fall Classic', 1)
INSERT INTO Fantasy.League (FantasyLeagueID, Name, OwnerID) VALUES (2, 'Chicagos Best', 2)

-- Fantasy Teams
INSERT INTO Fantasy.Team (FantasyLeagueID, FantasyTeamID, Name, Abbreviation) VALUES (1, 1, 'Busten in her Posey', 'BUS')
INSERT INTO Fantasy.Team (FantasyLeagueID, FantasyTeamID, Name, Abbreviation) VALUES (1, 2, 'Polish Powerhouse', 'POL')
INSERT INTO Fantasy.Team (FantasyLeagueID, FantasyTeamID, Name, Abbreviation) VALUES (1, 3, 'Crazy Crackers', 'CRA')
INSERT INTO Fantasy.Team (FantasyLeagueID, FantasyTeamID, Name, Abbreviation) VALUES (1, 4, 'Hannibal Lester', 'HAN')
INSERT INTO Fantasy.Team (FantasyLeagueID, FantasyTeamID, Name, Abbreviation) VALUES (1, 5, 'Rachet Hoes', 'RAC')
INSERT INTO Fantasy.Team (FantasyLeagueID, FantasyTeamID, Name, Abbreviation) VALUES (1, 6, 'Dutch Oven', 'DUT')
INSERT INTO Fantasy.Team (FantasyLeagueID, FantasyTeamID, Name, Abbreviation) VALUES (1, 7, 'Head First', 'HEA')
INSERT INTO Fantasy.Team (FantasyLeagueID, FantasyTeamID, Name, Abbreviation) VALUES (1, 8, 'Sports Machine', 'SPO')
INSERT INTO Fantasy.Team (FantasyLeagueID, FantasyTeamID, Name, Abbreviation) VALUES (1, 9, 'Sons of Pitches', 'SON')
INSERT INTO Fantasy.Team (FantasyLeagueID, FantasyTeamID, Name, Abbreviation) VALUES (1, 10, 'TasteMyBabyGravy', 'TAS')
INSERT INTO Fantasy.Team (FantasyLeagueID, FantasyTeamID, Name, Abbreviation) VALUES (2, 1, 'Trouts R Us', 'TRO')
INSERT INTO Fantasy.Team (FantasyLeagueID, FantasyTeamID, Name, Abbreviation) VALUES (2, 2, 'The Dutch Oven', 'THE')
INSERT INTO Fantasy.Team (FantasyLeagueID, FantasyTeamID, Name, Abbreviation) VALUES (2, 3, 'Ball Bangerz! Win or Die', 'BAL')
INSERT INTO Fantasy.Team (FantasyLeagueID, FantasyTeamID, Name, Abbreviation) VALUES (2, 4, 'Tanaka Time', 'TAN')
INSERT INTO Fantasy.Team (FantasyLeagueID, FantasyTeamID, Name, Abbreviation) VALUES (2, 5, 'Lost Productivity', 'LOS')
INSERT INTO Fantasy.Team (FantasyLeagueID, FantasyTeamID, Name, Abbreviation) VALUES (2, 6, 'Fo Shizzo my Rizzo', 'FO ')
INSERT INTO Fantasy.Team (FantasyLeagueID, FantasyTeamID, Name, Abbreviation) VALUES (2, 7, 'Joliet Oles', 'JOL')
INSERT INTO Fantasy.Team (FantasyLeagueID, FantasyTeamID, Name, Abbreviation) VALUES (2, 8, 'La Flama Blanca', 'LA ')
INSERT INTO Fantasy.Team (FantasyLeagueID, FantasyTeamID, Name, Abbreviation) VALUES (2, 9, 'Alcides Nuts', 'ALC')
INSERT INTO Fantasy.Team (FantasyLeagueID, FantasyTeamID, Name, Abbreviation) VALUES (2, 10, 'Team Boner', 'TEA')

-- Fantasy Rosters
INSERT INTO Fantasy.Roster (FantasyLeagueID, FantasyTeamID, PlayerID) VALUES (1, 1, 1)
INSERT INTO Fantasy.Roster (FantasyLeagueID, FantasyTeamID, PlayerID) VALUES (1, 1, 2)
INSERT INTO Fantasy.Roster (FantasyLeagueID, FantasyTeamID, PlayerID) VALUES (1, 1, 3)
INSERT INTO Fantasy.Roster (FantasyLeagueID, FantasyTeamID, PlayerID) VALUES (1, 1, 4)
INSERT INTO Fantasy.Roster (FantasyLeagueID, FantasyTeamID, PlayerID) VALUES (1, 1, 5)
INSERT INTO Fantasy.Roster (FantasyLeagueID, FantasyTeamID, PlayerID) VALUES (1, 1, 6)
INSERT INTO Fantasy.Roster (FantasyLeagueID, FantasyTeamID, PlayerID) VALUES (1, 1, 7)
INSERT INTO Fantasy.Roster (FantasyLeagueID, FantasyTeamID, PlayerID) VALUES (1, 1, 8)
INSERT INTO Fantasy.Roster (FantasyLeagueID, FantasyTeamID, PlayerID) VALUES (1, 1, 9)
INSERT INTO Fantasy.Roster (FantasyLeagueID, FantasyTeamID, PlayerID) VALUES (1, 1, 10)
INSERT INTO Fantasy.Roster (FantasyLeagueID, FantasyTeamID, PlayerID) VALUES (1, 1, 11)
INSERT INTO Fantasy.Roster (FantasyLeagueID, FantasyTeamID, PlayerID) VALUES (1, 1, 12)
INSERT INTO Fantasy.Roster (FantasyLeagueID, FantasyTeamID, PlayerID) VALUES (1, 1, 13)
INSERT INTO Fantasy.Roster (FantasyLeagueID, FantasyTeamID, PlayerID) VALUES (1, 1, 14)
INSERT INTO Fantasy.Roster (FantasyLeagueID, FantasyTeamID, PlayerID) VALUES (1, 1, 15)
INSERT INTO Fantasy.Roster (FantasyLeagueID, FantasyTeamID, PlayerID) VALUES (1, 1, 16)
INSERT INTO Fantasy.Roster (FantasyLeagueID, FantasyTeamID, PlayerID) VALUES (1, 1, 17)
INSERT INTO Fantasy.Roster (FantasyLeagueID, FantasyTeamID, PlayerID) VALUES (1, 1, 18)
INSERT INTO Fantasy.Roster (FantasyLeagueID, FantasyTeamID, PlayerID) VALUES (1, 1, 19)
INSERT INTO Fantasy.Roster (FantasyLeagueID, FantasyTeamID, PlayerID) VALUES (1, 1, 20)
INSERT INTO Fantasy.Roster (FantasyLeagueID, FantasyTeamID, PlayerID) VALUES (1, 1, 21)
INSERT INTO Fantasy.Roster (FantasyLeagueID, FantasyTeamID, PlayerID) VALUES (1, 1, 22)
INSERT INTO Fantasy.Roster (FantasyLeagueID, FantasyTeamID, PlayerID) VALUES (1, 1, 23)
INSERT INTO Fantasy.Roster (FantasyLeagueID, FantasyTeamID, PlayerID) VALUES (1, 1, 24)
INSERT INTO Fantasy.Roster (FantasyLeagueID, FantasyTeamID, PlayerID) VALUES (1, 1, 25)
INSERT INTO Fantasy.Roster (FantasyLeagueID, FantasyTeamID, PlayerID) VALUES (1, 1, 26)
INSERT INTO Fantasy.Roster (FantasyLeagueID, FantasyTeamID, PlayerID) VALUES (1, 1, 27)
INSERT INTO Fantasy.Roster (FantasyLeagueID, FantasyTeamID, PlayerID) VALUES (1, 1, 28)
INSERT INTO Fantasy.Roster (FantasyLeagueID, FantasyTeamID, PlayerID) VALUES (1, 1, 29)
INSERT INTO Fantasy.Roster (FantasyLeagueID, FantasyTeamID, PlayerID) VALUES (1, 1, 30)
INSERT INTO Fantasy.Roster (FantasyLeagueID, FantasyTeamID, PlayerID) VALUES (1, 1, 31)
INSERT INTO Fantasy.Roster (FantasyLeagueID, FantasyTeamID, PlayerID) VALUES (1, 1, 32)
INSERT INTO Fantasy.Roster (FantasyLeagueID, FantasyTeamID, PlayerID) VALUES (1, 1, 33)
INSERT INTO Fantasy.Roster (FantasyLeagueID, FantasyTeamID, PlayerID) VALUES (1, 1, 34)
INSERT INTO Fantasy.Roster (FantasyLeagueID, FantasyTeamID, PlayerID) VALUES (1, 1, 35)
INSERT INTO Fantasy.Roster (FantasyLeagueID, FantasyTeamID, PlayerID) VALUES (1, 1, 36)
INSERT INTO Fantasy.Roster (FantasyLeagueID, FantasyTeamID, PlayerID) VALUES (1, 1, 37)
INSERT INTO Fantasy.Roster (FantasyLeagueID, FantasyTeamID, PlayerID) VALUES (1, 1, 38)

-- RosterPositions
INSERT INTO SystemConfig.RosterPositions (PositionID, CategoryType, Abbreviation, Description) VALUES (1,'B', 'C', 'Catcher')
INSERT INTO SystemConfig.RosterPositions (PositionID, CategoryType, Abbreviation, Description) VALUES (2,'B', '1B', 'First Basemen')
INSERT INTO SystemConfig.RosterPositions (PositionID, CategoryType, Abbreviation, Description) VALUES (3,'B', '2B', 'Second Basemen')
INSERT INTO SystemConfig.RosterPositions (PositionID, CategoryType, Abbreviation, Description) VALUES (4,'B', '3B', 'Third Basemen')
INSERT INTO SystemConfig.RosterPositions (PositionID, CategoryType, Abbreviation, Description) VALUES (5,'B', 'SS', 'Shortstop')
INSERT INTO SystemConfig.RosterPositions (PositionID, CategoryType, Abbreviation, Description) VALUES (6,'B', 'OF', 'Outfielder')
INSERT INTO SystemConfig.RosterPositions (PositionID, CategoryType, Abbreviation, Description) VALUES (7,'B', 'U', 'Utility')
INSERT INTO SystemConfig.RosterPositions (PositionID, CategoryType, Abbreviation, Description) VALUES (8,'P', 'SP', 'Starting Pitcher')
INSERT INTO SystemConfig.RosterPositions (PositionID, CategoryType, Abbreviation, Description) VALUES (9,'P', 'RP', 'Relief Pitcher')
INSERT INTO SystemConfig.RosterPositions (PositionID, CategoryType, Abbreviation, Description) VALUES (10,'P', 'P', 'Pitcher')
INSERT INTO SystemConfig.RosterPositions (PositionID, CategoryType, Abbreviation, Description) VALUES (11,'B', 'MI', 'Middle Infielder')
INSERT INTO SystemConfig.RosterPositions (PositionID, CategoryType, Abbreviation, Description) VALUES (12,'B', 'CI', 'Corner Infielder')
INSERT INTO SystemConfig.RosterPositions (PositionID, CategoryType, Abbreviation, Description) VALUES (13,'B', 'LF', 'Left Fielder')
INSERT INTO SystemConfig.RosterPositions (PositionID, CategoryType, Abbreviation, Description) VALUES (14,'B', 'CF', 'Center Fielder')
INSERT INTO SystemConfig.RosterPositions (PositionID, CategoryType, Abbreviation, Description) VALUES (15,'B', 'RF', 'Right Fielder')
INSERT INTO SystemConfig.RosterPositions (PositionID, CategoryType, Abbreviation, Description) VALUES (16,'B', 'DH', 'Designated Hitter')

-- Scoring Categories
INSERT INTO SystemConfig.ScoringCategories (CategoryID, CategoryType, Abbreviation, Description) VALUES (1,'B', 'BA', 'Batting Average')
INSERT INTO SystemConfig.ScoringCategories (CategoryID, CategoryType, Abbreviation, Description) VALUES (2,'B', 'BB', 'Walks (Batters)')
INSERT INTO SystemConfig.ScoringCategories (CategoryID, CategoryType, Abbreviation, Description) VALUES (3,'B', 'H', 'Hits')
INSERT INTO SystemConfig.ScoringCategories (CategoryID, CategoryType, Abbreviation, Description) VALUES (4,'B', 'HR', 'Home Runs')
INSERT INTO SystemConfig.ScoringCategories (CategoryID, CategoryType, Abbreviation, Description) VALUES (5,'B', 'KO', 'Strikeouts (Batter)')
INSERT INTO SystemConfig.ScoringCategories (CategoryID, CategoryType, Abbreviation, Description) VALUES (6,'B', 'R', 'Runs')
INSERT INTO SystemConfig.ScoringCategories (CategoryID, CategoryType, Abbreviation, Description) VALUES (7,'B', 'RBI', 'Runs Batted In')
INSERT INTO SystemConfig.ScoringCategories (CategoryID, CategoryType, Abbreviation, Description) VALUES (8,'B', 'SB', 'Stolen Bases')
INSERT INTO SystemConfig.ScoringCategories (CategoryID, CategoryType, Abbreviation, Description) VALUES (9,'B', 'SLG', 'Slugging Pct')
INSERT INTO SystemConfig.ScoringCategories (CategoryID, CategoryType, Abbreviation, Description) VALUES (10,'B', '1B', 'Singles')
INSERT INTO SystemConfig.ScoringCategories (CategoryID, CategoryType, Abbreviation, Description) VALUES (11,'B', '2B', 'Doubles')
INSERT INTO SystemConfig.ScoringCategories (CategoryID, CategoryType, Abbreviation, Description) VALUES (12,'B', '3B', 'Triples')
INSERT INTO SystemConfig.ScoringCategories (CategoryID, CategoryType, Abbreviation, Description) VALUES (13,'B', 'AB', 'At Bats')
INSERT INTO SystemConfig.ScoringCategories (CategoryID, CategoryType, Abbreviation, Description) VALUES (14,'B', 'ABRISP', 'AtBat Runners in Sco. Pos.')
INSERT INTO SystemConfig.ScoringCategories (CategoryID, CategoryType, Abbreviation, Description) VALUES (15,'B', 'AST', 'Assists')
INSERT INTO SystemConfig.ScoringCategories (CategoryID, CategoryType, Abbreviation, Description) VALUES (16,'B', 'BP', 'Bases Produced')
INSERT INTO SystemConfig.ScoringCategories (CategoryID, CategoryType, Abbreviation, Description) VALUES (17,'B', 'BPA', 'Plate Appearances (Batter)')
INSERT INTO SystemConfig.ScoringCategories (CategoryID, CategoryType, Abbreviation, Description) VALUES (18,'B', 'CI', 'Catcher Interference')
INSERT INTO SystemConfig.ScoringCategories (CategoryID, CategoryType, Abbreviation, Description) VALUES (19,'B', 'COM', 'Combo')
INSERT INTO SystemConfig.ScoringCategories (CategoryID, CategoryType, Abbreviation, Description) VALUES (20,'B', 'CS', 'Caught Stealing')
INSERT INTO SystemConfig.ScoringCategories (CategoryID, CategoryType, Abbreviation, Description) VALUES (21,'B', 'CSC', 'Caught Stealing by Catcher')
INSERT INTO SystemConfig.ScoringCategories (CategoryID, CategoryType, Abbreviation, Description) VALUES (22,'B', 'CYC', 'Hitting for the Cycle')
INSERT INTO SystemConfig.ScoringCategories (CategoryID, CategoryType, Abbreviation, Description) VALUES (23,'B', 'DPT', 'Double Plays Turned')
INSERT INTO SystemConfig.ScoringCategories (CategoryID, CategoryType, Abbreviation, Description) VALUES (24,'B', 'DT', 'Doubles Plus Triples')
INSERT INTO SystemConfig.ScoringCategories (CategoryID, CategoryType, Abbreviation, Description) VALUES (25,'B', 'E', 'Errors')
INSERT INTO SystemConfig.ScoringCategories (CategoryID, CategoryType, Abbreviation, Description) VALUES (26,'B', 'FC', 'Fielding Chances')
INSERT INTO SystemConfig.ScoringCategories (CategoryID, CategoryType, Abbreviation, Description) VALUES (27,'B', 'FPCT', 'Fielding Pct')
INSERT INTO SystemConfig.ScoringCategories (CategoryID, CategoryType, Abbreviation, Description) VALUES (28,'B', 'G', 'Games')
INSERT INTO SystemConfig.ScoringCategories (CategoryID, CategoryType, Abbreviation, Description) VALUES (29,'B', 'GDP', 'Ground Into Double Plays')
INSERT INTO SystemConfig.ScoringCategories (CategoryID, CategoryType, Abbreviation, Description) VALUES (30,'B', 'GSHR', 'Grand Slam Home Runs')
INSERT INTO SystemConfig.ScoringCategories (CategoryID, CategoryType, Abbreviation, Description) VALUES (31,'B', 'GST', 'Games Started (Batter)')
INSERT INTO SystemConfig.ScoringCategories (CategoryID, CategoryType, Abbreviation, Description) VALUES (32,'B', 'HP', 'Hit by Pitch')
INSERT INTO SystemConfig.ScoringCategories (CategoryID, CategoryType, Abbreviation, Description) VALUES (33,'B', 'HRISP', 'Hits Runners in Sco. Pos.')
INSERT INTO SystemConfig.ScoringCategories (CategoryID, CategoryType, Abbreviation, Description) VALUES (34,'B', 'IB', 'Intentional Walks')
INSERT INTO SystemConfig.ScoringCategories (CategoryID, CategoryType, Abbreviation, Description) VALUES (35,'B', 'LOB', 'Left On Base')
INSERT INTO SystemConfig.ScoringCategories (CategoryID, CategoryType, Abbreviation, Description) VALUES (36,'B', 'OBP', 'On Base Pct')
INSERT INTO SystemConfig.ScoringCategories (CategoryID, CategoryType, Abbreviation, Description) VALUES (37,'B', 'OFAST', 'OF Assists')
INSERT INTO SystemConfig.ScoringCategories (CategoryID, CategoryType, Abbreviation, Description) VALUES (38,'B', 'OPS', 'On Base plus Slugging Pct')
INSERT INTO SystemConfig.ScoringCategories (CategoryID, CategoryType, Abbreviation, Description) VALUES (39,'B', 'PBC', 'Passed Balls by Catcher')
INSERT INTO SystemConfig.ScoringCategories (CategoryID, CategoryType, Abbreviation, Description) VALUES (40,'B', 'PKOF', 'Pick Offs by Fielder')
INSERT INTO SystemConfig.ScoringCategories (CategoryID, CategoryType, Abbreviation, Description) VALUES (41,'B', 'PO', 'Put Outs')
INSERT INTO SystemConfig.ScoringCategories (CategoryID, CategoryType, Abbreviation, Description) VALUES (42,'B', 'PP', 'Production Pct')
INSERT INTO SystemConfig.ScoringCategories (CategoryID, CategoryType, Abbreviation, Description) VALUES (43,'B', 'RBI-HR', 'RBI Minus Home Runs')
INSERT INTO SystemConfig.ScoringCategories (CategoryID, CategoryType, Abbreviation, Description) VALUES (44,'B', 'RP', 'Runs Produced')
INSERT INTO SystemConfig.ScoringCategories (CategoryID, CategoryType, Abbreviation, Description) VALUES (45,'B', 'RPA', 'Runs Produced Average')
INSERT INTO SystemConfig.ScoringCategories (CategoryID, CategoryType, Abbreviation, Description) VALUES (46,'B', 'RdAB', 'Runs per At Bat')
INSERT INTO SystemConfig.ScoringCategories (CategoryID, CategoryType, Abbreviation, Description) VALUES (47,'B', 'SB-CS', 'Stolen Bases - Caught Stealing')
INSERT INTO SystemConfig.ScoringCategories (CategoryID, CategoryType, Abbreviation, Description) VALUES (48,'B', 'SBA', 'Stolen Bases Allowed')
INSERT INTO SystemConfig.ScoringCategories (CategoryID, CategoryType, Abbreviation, Description) VALUES (49,'B', 'SBPCT', 'Stolen Base Pct')
INSERT INTO SystemConfig.ScoringCategories (CategoryID, CategoryType, Abbreviation, Description) VALUES (50,'B', 'SDT', 'Singles + Doubles + Triples')
INSERT INTO SystemConfig.ScoringCategories (CategoryID, CategoryType, Abbreviation, Description) VALUES (51,'B', 'SF', 'Sacrifice Flies')
INSERT INTO SystemConfig.ScoringCategories (CategoryID, CategoryType, Abbreviation, Description) VALUES (52,'B', 'SH', 'Sacrifice Hits')
INSERT INTO SystemConfig.ScoringCategories (CategoryID, CategoryType, Abbreviation, Description) VALUES (53,'B', 'TB', 'Total Bases')
INSERT INTO SystemConfig.ScoringCategories (CategoryID, CategoryType, Abbreviation, Description) VALUES (54,'B', 'TPA', 'Total Pct Average')
INSERT INTO SystemConfig.ScoringCategories (CategoryID, CategoryType, Abbreviation, Description) VALUES (55,'B', 'TPT', 'Triple Plays Turned')
INSERT INTO SystemConfig.ScoringCategories (CategoryID, CategoryType, Abbreviation, Description) VALUES (56,'B', 'XBH', 'Extra Base Hits')
INSERT INTO SystemConfig.ScoringCategories (CategoryID, CategoryType, Abbreviation, Description) VALUES (57,'P', 'BAA', 'Batting Average Against')
INSERT INTO SystemConfig.ScoringCategories (CategoryID, CategoryType, Abbreviation, Description) VALUES (58,'P', 'ERA', 'Earned Run Average')
INSERT INTO SystemConfig.ScoringCategories (CategoryID, CategoryType, Abbreviation, Description) VALUES (59,'P', 'INN', 'Innings')
INSERT INTO SystemConfig.ScoringCategories (CategoryID, CategoryType, Abbreviation, Description) VALUES (60,'P', 'K', 'Strikeouts (Pitcher)')
INSERT INTO SystemConfig.ScoringCategories (CategoryID, CategoryType, Abbreviation, Description) VALUES (61,'P', 'Kd9', 'Strikeouts per Nine')
INSERT INTO SystemConfig.ScoringCategories (CategoryID, CategoryType, Abbreviation, Description) VALUES (62,'P', 'QS', 'Quality Starts')
INSERT INTO SystemConfig.ScoringCategories (CategoryID, CategoryType, Abbreviation, Description) VALUES (63,'P', 'S+HD', 'Saves plus Holds')
INSERT INTO SystemConfig.ScoringCategories (CategoryID, CategoryType, Abbreviation, Description) VALUES (64,'P', 'W', 'Wins')
INSERT INTO SystemConfig.ScoringCategories (CategoryID, CategoryType, Abbreviation, Description) VALUES (65,'P', 'WHIP', 'Walks + Hits / Inning')
INSERT INTO SystemConfig.ScoringCategories (CategoryID, CategoryType, Abbreviation, Description) VALUES (66,'P', '1BA', 'Singles Allowed')
INSERT INTO SystemConfig.ScoringCategories (CategoryID, CategoryType, Abbreviation, Description) VALUES (67,'P', '2BA', 'Doubles Allowed')
INSERT INTO SystemConfig.ScoringCategories (CategoryID, CategoryType, Abbreviation, Description) VALUES (68,'P', '3BA', 'Triples Allowed')
INSERT INTO SystemConfig.ScoringCategories (CategoryID, CategoryType, Abbreviation, Description) VALUES (69,'P', 'ABA', 'At Bats Against')
INSERT INTO SystemConfig.ScoringCategories (CategoryID, CategoryType, Abbreviation, Description) VALUES (70,'P', 'AO', 'Air Outs')
INSERT INTO SystemConfig.ScoringCategories (CategoryID, CategoryType, Abbreviation, Description) VALUES (71,'P', 'APP', 'Appearances')
INSERT INTO SystemConfig.ScoringCategories (CategoryID, CategoryType, Abbreviation, Description) VALUES (72,'P', 'B', 'Balks')
INSERT INTO SystemConfig.ScoringCategories (CategoryID, CategoryType, Abbreviation, Description) VALUES (73,'P', 'BBI', 'Walks Issued (Pitchers)')
INSERT INTO SystemConfig.ScoringCategories (CategoryID, CategoryType, Abbreviation, Description) VALUES (74,'P', 'BBd9', 'Walks per Nine')
INSERT INTO SystemConfig.ScoringCategories (CategoryID, CategoryType, Abbreviation, Description) VALUES (75,'P', 'BFP', 'Batters Facing Pitcher')
INSERT INTO SystemConfig.ScoringCategories (CategoryID, CategoryType, Abbreviation, Description) VALUES (76,'P', 'BS', 'Blown Saves')
INSERT INTO SystemConfig.ScoringCategories (CategoryID, CategoryType, Abbreviation, Description) VALUES (77,'P', 'BSL', 'Blown Save Losses')
INSERT INTO SystemConfig.ScoringCategories (CategoryID, CategoryType, Abbreviation, Description) VALUES (78,'P', 'CG', 'Complete Games')
INSERT INTO SystemConfig.ScoringCategories (CategoryID, CategoryType, Abbreviation, Description) VALUES (79,'P', 'CGL', 'Complete Game Loss')
INSERT INTO SystemConfig.ScoringCategories (CategoryID, CategoryType, Abbreviation, Description) VALUES (80,'P', 'ER', 'Earned Runs')
INSERT INTO SystemConfig.ScoringCategories (CategoryID, CategoryType, Abbreviation, Description) VALUES (81,'P', 'GF', 'Games Finished')
INSERT INTO SystemConfig.ScoringCategories (CategoryID, CategoryType, Abbreviation, Description) VALUES (82,'P', 'GO', 'Ground Outs')
INSERT INTO SystemConfig.ScoringCategories (CategoryID, CategoryType, Abbreviation, Description) VALUES (83,'P', 'GS', 'Games Started (Pitcher)')
INSERT INTO SystemConfig.ScoringCategories (CategoryID, CategoryType, Abbreviation, Description) VALUES (84,'P', 'GdAO', 'Ground Outs/Air Outs')
INSERT INTO SystemConfig.ScoringCategories (CategoryID, CategoryType, Abbreviation, Description) VALUES (85,'P', 'HA', 'Hits Allowed')
INSERT INTO SystemConfig.ScoringCategories (CategoryID, CategoryType, Abbreviation, Description) VALUES (86,'P', 'HB', 'Hit Batsmen')
INSERT INTO SystemConfig.ScoringCategories (CategoryID, CategoryType, Abbreviation, Description) VALUES (87,'P', 'HD', 'Holds')
INSERT INTO SystemConfig.ScoringCategories (CategoryID, CategoryType, Abbreviation, Description) VALUES (88,'P', 'HIP', 'Hits per Inning')
INSERT INTO SystemConfig.ScoringCategories (CategoryID, CategoryType, Abbreviation, Description) VALUES (89,'P', 'HRA', 'Home Runs Allowed')
INSERT INTO SystemConfig.ScoringCategories (CategoryID, CategoryType, Abbreviation, Description) VALUES (90,'P', 'Hd9', 'Hits per Nine')
INSERT INTO SystemConfig.ScoringCategories (CategoryID, CategoryType, Abbreviation, Description) VALUES (91,'P', 'IBBI', 'Intentional Walks')
INSERT INTO SystemConfig.ScoringCategories (CategoryID, CategoryType, Abbreviation, Description) VALUES (92,'P', 'INNdGS', 'Innings per Start')
INSERT INTO SystemConfig.ScoringCategories (CategoryID, CategoryType, Abbreviation, Description) VALUES (93,'P', 'IRS', 'Inherited Runners Scored')
INSERT INTO SystemConfig.ScoringCategories (CategoryID, CategoryType, Abbreviation, Description) VALUES (94,'P', 'K-BB', 'Strikeouts Minus Walks')
INSERT INTO SystemConfig.ScoringCategories (CategoryID, CategoryType, Abbreviation, Description) VALUES (95,'P', 'L', 'Losses')
INSERT INTO SystemConfig.ScoringCategories (CategoryID, CategoryType, Abbreviation, Description) VALUES (96,'P', 'MERA', 'Modified ERA')
INSERT INTO SystemConfig.ScoringCategories (CategoryID, CategoryType, Abbreviation, Description) VALUES (97,'P', 'NH', 'No-Hitters')
INSERT INTO SystemConfig.ScoringCategories (CategoryID, CategoryType, Abbreviation, Description) VALUES (98,'P', 'NHL', 'No-Hitter Loss')
INSERT INTO SystemConfig.ScoringCategories (CategoryID, CategoryType, Abbreviation, Description) VALUES (99,'P', 'NW', 'Net Wins')
INSERT INTO SystemConfig.ScoringCategories (CategoryID, CategoryType, Abbreviation, Description) VALUES (100,'P', 'OBA', 'On Base Pct Against')
INSERT INTO SystemConfig.ScoringCategories (CategoryID, CategoryType, Abbreviation, Description) VALUES (101,'P', 'OUTS', 'Outs')
INSERT INTO SystemConfig.ScoringCategories (CategoryID, CategoryType, Abbreviation, Description) VALUES (102,'P', 'PA', 'Plate Appearances')
INSERT INTO SystemConfig.ScoringCategories (CategoryID, CategoryType, Abbreviation, Description) VALUES (103,'P', 'PC', 'Pitch Count')
INSERT INTO SystemConfig.ScoringCategories (CategoryID, CategoryType, Abbreviation, Description) VALUES (104,'P', 'PG', 'Perfect Games')
INSERT INTO SystemConfig.ScoringCategories (CategoryID, CategoryType, Abbreviation, Description) VALUES (105,'P', 'PKO', 'Pick Offs')
INSERT INTO SystemConfig.ScoringCategories (CategoryID, CategoryType, Abbreviation, Description) VALUES (106,'P', 'RA', 'Runs Allowed')
INSERT INTO SystemConfig.ScoringCategories (CategoryID, CategoryType, Abbreviation, Description) VALUES (107,'P', 'RL', 'Relief Losses')
INSERT INTO SystemConfig.ScoringCategories (CategoryID, CategoryType, Abbreviation, Description) VALUES (108,'P', 'RW', 'Relief Wins')
INSERT INTO SystemConfig.ScoringCategories (CategoryID, CategoryType, Abbreviation, Description) VALUES (109,'P', 'Rd9', 'Men on Base/ 9 Innings')
INSERT INTO SystemConfig.ScoringCategories (CategoryID, CategoryType, Abbreviation, Description) VALUES (110,'P', 'S', 'Saves')
INSERT INTO SystemConfig.ScoringCategories (CategoryID, CategoryType, Abbreviation, Description) VALUES (111,'P', 'SO', 'Shutouts')
INSERT INTO SystemConfig.ScoringCategories (CategoryID, CategoryType, Abbreviation, Description) VALUES (112,'P', 'SOP', 'Save Opportunities')
INSERT INTO SystemConfig.ScoringCategories (CategoryID, CategoryType, Abbreviation, Description) VALUES (113,'P', 'TBA', 'Total Bases Allowed')
INSERT INTO SystemConfig.ScoringCategories (CategoryID, CategoryType, Abbreviation, Description) VALUES (114,'P', 'W-L', 'Wins Minus Losses')
INSERT INTO SystemConfig.ScoringCategories (CategoryID, CategoryType, Abbreviation, Description) VALUES (115,'P', 'WP', 'Wild Pitches')
INSERT INTO SystemConfig.ScoringCategories (CategoryID, CategoryType, Abbreviation, Description) VALUES (116,'P', 'WPCT', 'Winning Pct')


-- enable referential integrity again 
EXEC sp_MSForEachTable 'ALTER TABLE ? WITH CHECK CHECK CONSTRAINT ALL' 
GO

GO
PRINT N'Checking existing data against newly created constraints';


GO
USE [$(DatabaseName)];


GO
ALTER TABLE [MLB].[Eligibility] WITH CHECK CHECK CONSTRAINT [FK_Eligilblity_Posiition];

ALTER TABLE [Fantasy].[League] WITH CHECK CHECK CONSTRAINT [CK_Fantasy_League_LeagueType];

ALTER TABLE [Fantasy].[Roster] WITH CHECK CHECK CONSTRAINT [CK_Fantasy_Roster_Status];


GO
PRINT N'Update complete.';


GO
