/*
Deployment script for MLB

This code was generated by a tool.
Changes to this file may cause incorrect behavior and will be lost if
the code is regenerated.
*/

GO
SET ANSI_NULLS, ANSI_PADDING, ANSI_WARNINGS, ARITHABORT, CONCAT_NULL_YIELDS_NULL, QUOTED_IDENTIFIER ON;

SET NUMERIC_ROUNDABORT OFF;


GO
:setvar DatabaseName "MLB"
:setvar DefaultFilePrefix "MLB"
:setvar DefaultDataPath "C:\Program Files\Microsoft SQL Server\MSSQL10_50.MSSQLSERVER\MSSQL\DATA\"
:setvar DefaultLogPath "C:\Program Files\Microsoft SQL Server\MSSQL10_50.MSSQLSERVER\MSSQL\DATA\"

GO
:on error exit
GO
/*
Detect SQLCMD mode and disable script execution if SQLCMD mode is not supported.
To re-enable the script after enabling SQLCMD mode, execute the following:
SET NOEXEC OFF; 
*/
:setvar __IsSqlCmdEnabled "True"
GO
IF N'$(__IsSqlCmdEnabled)' NOT LIKE N'True'
    BEGIN
        PRINT N'SQLCMD mode must be enabled to successfully execute this script.';
        SET NOEXEC ON;
    END


GO
USE [$(DatabaseName)];


GO
/*
 Pre-Deployment Script Template							
--------------------------------------------------------------------------------------
 This file contains SQL statements that will be executed before the build script.	
 Use SQLCMD syntax to include a file in the pre-deployment script.			
 Example:      :r .\myfile.sql								
 Use SQLCMD syntax to reference a variable in the pre-deployment script.		
 Example:      :setvar TableName MyTable							
               SELECT * FROM [$(TableName)]					
--------------------------------------------------------------------------------------
*/

SET NOCOUNT ON
 DECLARE @table TABLE(
RowId INT PRIMARY KEY IDENTITY(1, 1),
ForeignKeyConstraintName NVARCHAR(200),
ForeignKeyConstraintTableSchema NVARCHAR(200),
ForeignKeyConstraintTableName NVARCHAR(200),
ForeignKeyConstraintColumnName NVARCHAR(200),
PrimaryKeyConstraintName NVARCHAR(200),
PrimaryKeyConstraintTableSchema NVARCHAR(200),
PrimaryKeyConstraintTableName NVARCHAR(200),
PrimaryKeyConstraintColumnName NVARCHAR(200)
 )
INSERT INTO @table(ForeignKeyConstraintName, ForeignKeyConstraintTableSchema, ForeignKeyConstraintTableName, ForeignKeyConstraintColumnName)
SELECT
U.CONSTRAINT_NAME,
U.TABLE_SCHEMA,
U.TABLE_NAME,
U.COLUMN_NAME
FROM
INFORMATION_SCHEMA.KEY_COLUMN_USAGE U
INNER JOIN INFORMATION_SCHEMA.TABLE_CONSTRAINTS C
ON U.CONSTRAINT_NAME = C.CONSTRAINT_NAME
WHERE
C.CONSTRAINT_TYPE = 'FOREIGN KEY'
UPDATE @table SET
PrimaryKeyConstraintName = UNIQUE_CONSTRAINT_NAME
FROM
@table T
INNER JOIN INFORMATION_SCHEMA.REFERENTIAL_CONSTRAINTS R
ON T.ForeignKeyConstraintName = R.CONSTRAINT_NAME
UPDATE @table SET
PrimaryKeyConstraintTableSchema = TABLE_SCHEMA,
PrimaryKeyConstraintTableName = TABLE_NAME
FROM @table T
INNER JOIN INFORMATION_SCHEMA.TABLE_CONSTRAINTS C
ON T.PrimaryKeyConstraintName = C.CONSTRAINT_NAME
UPDATE @table SET
PrimaryKeyConstraintColumnName = COLUMN_NAME
FROM @table T
INNER JOIN INFORMATION_SCHEMA.KEY_COLUMN_USAGE U
ON T.PrimaryKeyConstraintName = U.CONSTRAINT_NAME
--SELECT * FROM @table
 --DROP CONSTRAINT:
SELECT
'
 ALTER TABLE [' + ForeignKeyConstraintTableSchema + '].[' + ForeignKeyConstraintTableName + ']
 DROP CONSTRAINT ' + ForeignKeyConstraintName + '

GO'
FROM
@table
--ADD CONSTRAINT:
SELECT
'
ALTER TABLE [' + ForeignKeyConstraintTableSchema + '].[' + ForeignKeyConstraintTableName + ']
ADD CONSTRAINT ' + ForeignKeyConstraintName + ' FOREIGN KEY(' + ForeignKeyConstraintColumnName + ') REFERENCES [' + PrimaryKeyConstraintTableSchema + '].[' + PrimaryKeyConstraintTableName + '](' + PrimaryKeyConstraintColumnName + ')

GO'
FROM
@table
GO

GO

GO
/*
The type for column TeamID in table [dbo].[Player] is currently  VARCHAR (3) NOT NULL but is being changed to  INT NOT NULL. Data loss could occur.
*/

IF EXISTS (select top 1 1 from [dbo].[Player])
    RAISERROR (N'Rows were detected. The schema update is terminating because data loss might occur.', 16, 127) WITH NOWAIT

GO
/*
The column [dbo].[Roster].[FantasyLeagueID] on table [dbo].[Roster] must be added, but the column has no default value and does not allow NULL values. If the table contains data, the ALTER script will not work. To avoid this issue you must either: add a default value to the column, mark it as allowing NULL values, or enable the generation of smart-defaults as a deployment option.
*/

IF EXISTS (select top 1 1 from [dbo].[Roster])
    RAISERROR (N'Rows were detected. The schema update is terminating because data loss might occur.', 16, 127) WITH NOWAIT

GO
/*
The column [dbo].[Team].[Abbreviation] on table [dbo].[Team] must be added, but the column has no default value and does not allow NULL values. If the table contains data, the ALTER script will not work. To avoid this issue you must either: add a default value to the column, mark it as allowing NULL values, or enable the generation of smart-defaults as a deployment option.
*/

IF EXISTS (select top 1 1 from [dbo].[Team])
    RAISERROR (N'Rows were detected. The schema update is terminating because data loss might occur.', 16, 127) WITH NOWAIT

GO
PRINT N'Rename refactoring operation with key a104cb65-9385-4dc2-b57e-f64232724378 is skipped, element [dbo].[Eligibility].[Primary] (SqlSimpleColumn) will not be renamed to PrimaryPos';


GO
PRINT N'The following operation was generated from a refactoring log file 33434006-ebab-4d43-9820-2d7784c34963';

PRINT N'Rename [dbo].[Roster].[TeamID] to FantasyTeamID';


GO
EXECUTE sp_rename @objname = N'[dbo].[Roster].[TeamID]', @newname = N'FantasyTeamID', @objtype = N'COLUMN';


GO
PRINT N'Rename refactoring operation with key c1b11c15-f53d-4339-9f12-ccf380974894 is skipped, element [dbo].[Roster].[FatnasyLeagueID] (SqlSimpleColumn) will not be renamed to FantasyLeagueID';


GO
PRINT N'The following operation was generated from a refactoring log file 6bc79645-936b-424c-bfc5-36863d03cd30';

PRINT N'Rename [dbo].[Player].[Team] to TeamID';


GO
EXECUTE sp_rename @objname = N'[dbo].[Player].[Team]', @newname = N'TeamID', @objtype = N'COLUMN';


GO
PRINT N'Dropping DF__tmp_ms_xx__Prima__2C3393D0...';


GO
ALTER TABLE [dbo].[Eligibility] DROP CONSTRAINT [DF__tmp_ms_xx__Prima__2C3393D0];


GO
PRINT N'Dropping DF__tmp_ms_xx__DaysP__2D27B809...';


GO
ALTER TABLE [dbo].[Eligibility] DROP CONSTRAINT [DF__tmp_ms_xx__DaysP__2D27B809];


GO
PRINT N'Dropping DF__tmp_ms_xx__Seaso__2E1BDC42...';


GO
ALTER TABLE [dbo].[Eligibility] DROP CONSTRAINT [DF__tmp_ms_xx__Seaso__2E1BDC42];


GO
PRINT N'Dropping DF__tmp_ms_xx__Date___2F10007B...';


GO
ALTER TABLE [dbo].[Eligibility] DROP CONSTRAINT [DF__tmp_ms_xx__Date___2F10007B];


GO
PRINT N'Dropping DF__tmp_ms_xx__Date___300424B4...';


GO
ALTER TABLE [dbo].[Eligibility] DROP CONSTRAINT [DF__tmp_ms_xx__Date___300424B4];


GO
PRINT N'Dropping DF__Player__Team__15502E78...';


GO
ALTER TABLE [dbo].[Player] DROP CONSTRAINT [DF__Player__Team__15502E78];


GO
PRINT N'Dropping DF__Roster__Date_Tim__1B0907CE...';


GO
ALTER TABLE [dbo].[Roster] DROP CONSTRAINT [DF__Roster__Date_Tim__1B0907CE];


GO
PRINT N'Dropping DF__Roster__Date_Tim__1BFD2C07...';


GO
ALTER TABLE [dbo].[Roster] DROP CONSTRAINT [DF__Roster__Date_Tim__1BFD2C07];


GO
PRINT N'Dropping DF__Team__Status__32E0915F...';


GO
ALTER TABLE [dbo].[Team] DROP CONSTRAINT [DF__Team__Status__32E0915F];


GO
PRINT N'Dropping DF__Team__League__33D4B598...';


GO
ALTER TABLE [dbo].[Team] DROP CONSTRAINT [DF__Team__League__33D4B598];


GO
PRINT N'Dropping DF__Player__Date_Tim__173876EA...';


GO
ALTER TABLE [dbo].[Player] DROP CONSTRAINT [DF__Player__Date_Tim__173876EA];


GO
PRINT N'Dropping DF__Player__Date_Tim__182C9B23...';


GO
ALTER TABLE [dbo].[Player] DROP CONSTRAINT [DF__Player__Date_Tim__182C9B23];


GO
PRINT N'Dropping DF__Position__Date_T__1920BF5C...';


GO
ALTER TABLE [dbo].[Position] DROP CONSTRAINT [DF__Position__Date_T__1920BF5C];


GO
PRINT N'Dropping DF__Position__Date_T__1A14E395...';


GO
ALTER TABLE [dbo].[Position] DROP CONSTRAINT [DF__Position__Date_T__1A14E395];


GO
PRINT N'Dropping FK_Eligilblity_Posiition...';


GO
ALTER TABLE [dbo].[Eligibility] DROP CONSTRAINT [FK_Eligilblity_Posiition];


GO
PRINT N'Starting rebuilding table [dbo].[Eligibility]...';


GO
BEGIN TRANSACTION;

SET TRANSACTION ISOLATION LEVEL SERIALIZABLE;

SET XACT_ABORT ON;

CREATE TABLE [dbo].[tmp_ms_xx_Eligibility] (
    [PlayerID]           INT          NOT NULL,
    [PositionID]         INT          NOT NULL,
    [Season]             DATE         DEFAULT GETDATE() NOT NULL,
    [PrimaryPos]         BIT          DEFAULT 1 NOT NULL,
    [DaysPlayed]         INT          DEFAULT 0 NOT NULL,
    [Date_Time_Created]  DATETIME     DEFAULT CURRENT_TIMESTAMP NOT NULL,
    [User_Id_Created]    VARCHAR (50) NULL,
    [Date_Time_Modified] DATETIME     DEFAULT CURRENT_TIMESTAMP NOT NULL,
    [User_Id_Modified]   VARCHAR (50) NULL,
    [Form_Id]            VARCHAR (50) NULL,
    PRIMARY KEY CLUSTERED ([PlayerID] ASC, [PositionID] ASC, [Season] ASC)
);

IF EXISTS (SELECT TOP 1 1 
           FROM   [dbo].[Eligibility])
    BEGIN
        INSERT INTO [dbo].[tmp_ms_xx_Eligibility] ([PlayerID], [PositionID], [Season], [PrimaryPos], [DaysPlayed], [Date_Time_Created], [User_Id_Created], [Date_Time_Modified], [User_Id_Modified], [Form_Id])
        SELECT   [PlayerID],
                 [PositionID],
                 [Season],
                 [PrimaryPos],
                 [DaysPlayed],
                 [Date_Time_Created],
                 [User_Id_Created],
                 [Date_Time_Modified],
                 [User_Id_Modified],
                 [Form_Id]
        FROM     [dbo].[Eligibility]
        ORDER BY [PlayerID] ASC, [PositionID] ASC, [Season] ASC;
    END

DROP TABLE [dbo].[Eligibility];

EXECUTE sp_rename N'[dbo].[tmp_ms_xx_Eligibility]', N'Eligibility';

COMMIT TRANSACTION;

SET TRANSACTION ISOLATION LEVEL READ COMMITTED;


GO
PRINT N'Altering [dbo].[Player]...';


GO
ALTER TABLE [dbo].[Player] ALTER COLUMN [TeamID] INT NOT NULL;


GO
PRINT N'Starting rebuilding table [dbo].[Roster]...';


GO
BEGIN TRANSACTION;

SET TRANSACTION ISOLATION LEVEL SERIALIZABLE;

SET XACT_ABORT ON;

CREATE TABLE [dbo].[tmp_ms_xx_Roster] (
    [FantasyTeamID]      INT          NOT NULL,
    [FantasyLeagueID]    INT          NOT NULL,
    [PlayerID]           INT          NOT NULL,
    [Status]             VARCHAR (1)  NOT NULL,
    [Date_Time_Created]  DATETIME     DEFAULT CURRENT_TIMESTAMP NOT NULL,
    [User_Id_Created]    VARCHAR (50) NULL,
    [Date_Time_Modified] DATETIME     DEFAULT CURRENT_TIMESTAMP NOT NULL,
    [User_Id_Modified]   VARCHAR (50) NULL,
    [Form_Id]            VARCHAR (50) NULL,
    PRIMARY KEY CLUSTERED ([FantasyTeamID] ASC, [FantasyLeagueID] ASC)
);

IF EXISTS (SELECT TOP 1 1 
           FROM   [dbo].[Roster])
    BEGIN
        INSERT INTO [dbo].[tmp_ms_xx_Roster] ([FantasyTeamID], [PlayerID], [Status], [Date_Time_Created], [User_Id_Created], [Date_Time_Modified], [User_Id_Modified], [Form_Id])
        SELECT   [FantasyTeamID],
                 [PlayerID],
                 [Status],
                 [Date_Time_Created],
                 [User_Id_Created],
                 [Date_Time_Modified],
                 [User_Id_Modified],
                 [Form_Id]
        FROM     [dbo].[Roster]
        ORDER BY [FantasyTeamID] ASC;
    END

DROP TABLE [dbo].[Roster];

EXECUTE sp_rename N'[dbo].[tmp_ms_xx_Roster]', N'Roster';

COMMIT TRANSACTION;

SET TRANSACTION ISOLATION LEVEL READ COMMITTED;


GO
PRINT N'Starting rebuilding table [dbo].[Team]...';


GO
BEGIN TRANSACTION;

SET TRANSACTION ISOLATION LEVEL SERIALIZABLE;

SET XACT_ABORT ON;

CREATE TABLE [dbo].[tmp_ms_xx_Team] (
    [TeamID]             INT           NOT NULL,
    [City]               VARCHAR (100) NULL,
    [State]              VARCHAR (2)   NULL,
    [Abbreviation]       VARCHAR (3)   NOT NULL,
    [Name]               VARCHAR (100) NOT NULL,
    [Status]             BIT           DEFAULT ((1)) NULL,
    [League]             VARCHAR (3)   DEFAULT ('MLB') NOT NULL,
    [Date_Time_Created]  DATETIME      DEFAULT CURRENT_TIMESTAMP NOT NULL,
    [User_Id_Created]    VARCHAR (50)  NULL,
    [Date_Time_Modified] DATETIME      DEFAULT CURRENT_TIMESTAMP NOT NULL,
    [User_Id_Modified]   VARCHAR (50)  NULL,
    [Form_Id]            VARCHAR (50)  NULL,
    PRIMARY KEY CLUSTERED ([TeamID] ASC)
);

IF EXISTS (SELECT TOP 1 1 
           FROM   [dbo].[Team])
    BEGIN
        INSERT INTO [dbo].[tmp_ms_xx_Team] ([TeamID], [City], [State], [Name], [Status], [League])
        SELECT   [TeamID],
                 [City],
                 [State],
                 [Name],
                 [Status],
                 [League]
        FROM     [dbo].[Team]
        ORDER BY [TeamID] ASC;
    END

DROP TABLE [dbo].[Team];

EXECUTE sp_rename N'[dbo].[tmp_ms_xx_Team]', N'Team';

COMMIT TRANSACTION;

SET TRANSACTION ISOLATION LEVEL READ COMMITTED;


GO
PRINT N'Creating Default Constraint on [dbo].[Player]....';


GO
ALTER TABLE [dbo].[Player]
    ADD DEFAULT CURRENT_TIMESTAMP FOR [Date_Time_Created];


GO
PRINT N'Creating Default Constraint on [dbo].[Player]....';


GO
ALTER TABLE [dbo].[Player]
    ADD DEFAULT CURRENT_TIMESTAMP FOR [Date_Time_Modified];


GO
PRINT N'Creating Default Constraint on [dbo].[Position]....';


GO
ALTER TABLE [dbo].[Position]
    ADD DEFAULT CURRENT_TIMESTAMP FOR [Date_Time_Created];


GO
PRINT N'Creating Default Constraint on [dbo].[Position]....';


GO
ALTER TABLE [dbo].[Position]
    ADD DEFAULT CURRENT_TIMESTAMP FOR [Date_Time_Modified];


GO
PRINT N'Creating FK_Eligilblity_Posiition...';


GO
ALTER TABLE [dbo].[Eligibility] WITH NOCHECK
    ADD CONSTRAINT [FK_Eligilblity_Posiition] FOREIGN KEY ([PositionID]) REFERENCES [dbo].[Position] ([PositionID]) ON DELETE CASCADE;


GO
PRINT N'Creating Status_CK...';


GO
ALTER TABLE [dbo].[Roster] WITH NOCHECK
    ADD CONSTRAINT [Status_CK] CHECK (Status = 'A' OR Status = 'R' OR Status = 'I' OR Status = 'M');


GO
-- Refactoring step to update target server with deployed transaction logs

IF OBJECT_ID(N'dbo.__RefactorLog') IS NULL
BEGIN
    CREATE TABLE [dbo].[__RefactorLog] (OperationKey UNIQUEIDENTIFIER NOT NULL PRIMARY KEY)
    EXEC sp_addextendedproperty N'microsoft_database_tools_support', N'refactoring log', N'schema', N'dbo', N'table', N'__RefactorLog'
END
GO
IF NOT EXISTS (SELECT OperationKey FROM [dbo].[__RefactorLog] WHERE OperationKey = 'a104cb65-9385-4dc2-b57e-f64232724378')
INSERT INTO [dbo].[__RefactorLog] (OperationKey) values ('a104cb65-9385-4dc2-b57e-f64232724378')
IF NOT EXISTS (SELECT OperationKey FROM [dbo].[__RefactorLog] WHERE OperationKey = '33434006-ebab-4d43-9820-2d7784c34963')
INSERT INTO [dbo].[__RefactorLog] (OperationKey) values ('33434006-ebab-4d43-9820-2d7784c34963')
IF NOT EXISTS (SELECT OperationKey FROM [dbo].[__RefactorLog] WHERE OperationKey = 'c1b11c15-f53d-4339-9f12-ccf380974894')
INSERT INTO [dbo].[__RefactorLog] (OperationKey) values ('c1b11c15-f53d-4339-9f12-ccf380974894')
IF NOT EXISTS (SELECT OperationKey FROM [dbo].[__RefactorLog] WHERE OperationKey = '6bc79645-936b-424c-bfc5-36863d03cd30')
INSERT INTO [dbo].[__RefactorLog] (OperationKey) values ('6bc79645-936b-424c-bfc5-36863d03cd30')

GO

GO
DELETE FROM Position
DELETE FROM Player
DELETE FROM Eligibility
DELETE FROM Roster
DELETE FROM Team

-- Teams
INSERT INTO Team (TeamID, Abbreviation, Name) VALUES (1, 'ARI', 'Diamondbacks')
INSERT INTO Team (TeamID, Abbreviation, Name) VALUES (2, 'ATL', 'Braves')
INSERT INTO Team (TeamID, Abbreviation, Name) VALUES (3, 'BAL', 'Orioles')
INSERT INTO Team (TeamID, Abbreviation, Name) VALUES (4, 'BOS', 'Red Sox')
INSERT INTO Team (TeamID, Abbreviation, Name) VALUES (5, 'CHC', 'Cubs')
INSERT INTO Team (TeamID, Abbreviation, Name) VALUES (6, 'CHW', 'White Sox')
INSERT INTO Team (TeamID, Abbreviation, Name) VALUES (7, 'CIN', 'Reds')
INSERT INTO Team (TeamID, Abbreviation, Name) VALUES (8, 'CLE', 'Indians')
INSERT INTO Team (TeamID, Abbreviation, Name) VALUES (9, 'COL', 'Rockies')
INSERT INTO Team (TeamID, Abbreviation, Name) VALUES (10, 'DET', 'Tigers')
INSERT INTO Team (TeamID, Abbreviation, Name) VALUES (11, 'HOU', 'Astros')
INSERT INTO Team (TeamID, Abbreviation, Name) VALUES (12, 'KC', 'Royals')
INSERT INTO Team (TeamID, Abbreviation, Name) VALUES (13, 'LAA', 'Angels')
INSERT INTO Team (TeamID, Abbreviation, Name) VALUES (14, 'LAD', 'Dodgers')
INSERT INTO Team (TeamID, Abbreviation, Name) VALUES (15, 'MIA', 'Marlins')
INSERT INTO Team (TeamID, Abbreviation, Name) VALUES (16, 'MIL', 'Brewers')
INSERT INTO Team (TeamID, Abbreviation, Name) VALUES (17, 'MIN', 'Twins')
INSERT INTO Team (TeamID, Abbreviation, Name) VALUES (18, 'NYM', 'Mets')
INSERT INTO Team (TeamID, Abbreviation, Name) VALUES (19, 'NYY', 'Yankees')
INSERT INTO Team (TeamID, Abbreviation, Name) VALUES (20, 'OAK', 'As')
INSERT INTO Team (TeamID, Abbreviation, Name) VALUES (21, 'PHI', 'Phillies')
INSERT INTO Team (TeamID, Abbreviation, Name) VALUES (22, 'PIT', 'Pirates')
INSERT INTO Team (TeamID, Abbreviation, Name) VALUES (23, 'SD', 'Padres')
INSERT INTO Team (TeamID, Abbreviation, Name) VALUES (24, 'SEA', 'Mariners')
INSERT INTO Team (TeamID, Abbreviation, Name) VALUES (25, 'SF', 'Giants')
INSERT INTO Team (TeamID, Abbreviation, Name) VALUES (26, 'STL', 'Cardinals')
INSERT INTO Team (TeamID, Abbreviation, Name) VALUES (27, 'TB', 'Rays')
INSERT INTO Team (TeamID, Abbreviation, Name) VALUES (28, 'TEX', 'Rangers')
INSERT INTO Team (TeamID, Abbreviation, Name) VALUES (29, 'TOR', 'Blue Jays')
INSERT INTO Team (TeamID, Abbreviation, Name) VALUES (30, 'WAS', 'Nationals')

-- Positions
INSERT INTO Position (PositionID, Name) VALUES (1, 'C')
INSERT INTO Position (PositionID, Name) VALUES (2, '1B')
INSERT INTO Position (PositionID, Name) VALUES (3, '2B')
INSERT INTO Position (PositionID, Name) VALUES (4, '3B')
INSERT INTO Position (PositionID, Name) VALUES (5, 'SS')
INSERT INTO Position (PositionID, Name) VALUES (6, 'OF')
INSERT INTO Position (PositionID, Name) VALUES (7, 'SP')
INSERT INTO Position (PositionID, Name) VALUES (8, 'RP')

-- Players
INSERT INTO Player (PlayerID, FirstName, LastName, Bats, Throws, Team, Birthdate) VALUES (1, 'Buster', 'Posey', 'R', 'R', '1', GETDATE())
INSERT INTO Player (PlayerID, FirstName, LastName, Bats, Throws, Team, Birthdate) VALUES (2, 'Freddie', 'Freeman', 'R', 'R', '1', GETDATE())
INSERT INTO Player (PlayerID, FirstName, LastName, Bats, Throws, Team, Birthdate) VALUES (3, 'Kolten', 'Wong', 'R', 'R', '1', GETDATE())
INSERT INTO Player (PlayerID, FirstName, LastName, Bats, Throws, Team, Birthdate) VALUES (4, 'Josh', 'Donaldson', 'R', 'R', '1', GETDATE())
INSERT INTO Player (PlayerID, FirstName, LastName, Bats, Throws, Team, Birthdate) VALUES (5, 'Corey', 'Seager', 'R', 'R', '1', GETDATE())
INSERT INTO Player (PlayerID, FirstName, LastName, Bats, Throws, Team, Birthdate) VALUES (6, 'Mookie', 'Betts', 'R', 'R', '1', GETDATE())
INSERT INTO Player (PlayerID, FirstName, LastName, Bats, Throws, Team, Birthdate) VALUES (7, 'George', 'Springer', 'R', 'R', '1', GETDATE())
INSERT INTO Player (PlayerID, FirstName, LastName, Bats, Throws, Team, Birthdate) VALUES (8, 'Justin', 'Upton', 'R', 'R', '1', GETDATE())
INSERT INTO Player (PlayerID, FirstName, LastName, Bats, Throws, Team, Birthdate) VALUES (9, 'Adrian', 'Gonzalez', 'R', 'R', '1', GETDATE())
INSERT INTO Player (PlayerID, FirstName, LastName, Bats, Throws, Team, Birthdate) VALUES (10, 'Anthony', 'Rendon', 'R', 'R', '1', GETDATE())
INSERT INTO Player (PlayerID, FirstName, LastName, Bats, Throws, Team, Birthdate) VALUES (11, 'Kyle', 'Seager', 'R', 'R', '1', GETDATE())
INSERT INTO Player (PlayerID, FirstName, LastName, Bats, Throws, Team, Birthdate) VALUES (12, 'Addison', 'Russell', 'R', 'R', '1', GETDATE())
INSERT INTO Player (PlayerID, FirstName, LastName, Bats, Throws, Team, Birthdate) VALUES (13, 'Corey', 'Dickerson', 'R', 'R', '1', GETDATE())
INSERT INTO Player (PlayerID, FirstName, LastName, Bats, Throws, Team, Birthdate) VALUES (14, 'Jurickson', 'Profar', 'R', 'R', '2', GETDATE())
INSERT INTO Player (PlayerID, FirstName, LastName, Bats, Throws, Team, Birthdate) VALUES (15, 'Jorge', 'Alfaro', 'R', 'R', '2', GETDATE())
INSERT INTO Player (PlayerID, FirstName, LastName, Bats, Throws, Team, Birthdate) VALUES (16, 'Franklin', 'Barreto', 'R', 'R', '2', GETDATE())
INSERT INTO Player (PlayerID, FirstName, LastName, Bats, Throws, Team, Birthdate) VALUES (17, 'Trevor', 'Story', 'R', 'R', '2', GETDATE())
INSERT INTO Player (PlayerID, FirstName, LastName, Bats, Throws, Team, Birthdate) VALUES (18, 'Lewis', 'Brinson', 'R', 'R', '2', GETDATE())
INSERT INTO Player (PlayerID, FirstName, LastName, Bats, Throws, Team, Birthdate) VALUES (19, 'Byron', 'Buxton', 'R', 'R', '2', GETDATE())
INSERT INTO Player (PlayerID, FirstName, LastName, Bats, Throws, Team, Birthdate) VALUES (20, 'Alex', 'Jackson', 'R', 'R', '2', GETDATE())
INSERT INTO Player (PlayerID, FirstName, LastName, Bats, Throws, Team, Birthdate) VALUES (21, 'Carlos', 'Carrasco', 'R', 'R', '2', GETDATE())
INSERT INTO Player (PlayerID, FirstName, LastName, Bats, Throws, Team, Birthdate) VALUES (22, 'Tyson', 'Ross', 'R', 'R', '2', GETDATE())
INSERT INTO Player (PlayerID, FirstName, LastName, Bats, Throws, Team, Birthdate) VALUES (23, 'Danny', 'Salazar', 'R', 'R', '2', GETDATE())
INSERT INTO Player (PlayerID, FirstName, LastName, Bats, Throws, Team, Birthdate) VALUES (24, 'Luis', 'Severino', 'R', 'R', '2', GETDATE())
INSERT INTO Player (PlayerID, FirstName, LastName, Bats, Throws, Team, Birthdate) VALUES (25, 'Jordan', 'Zimmermann', 'R', 'R', '2', GETDATE())
INSERT INTO Player (PlayerID, FirstName, LastName, Bats, Throws, Team, Birthdate) VALUES (26, 'Jacob', 'deGrom', 'R', 'R', '2', GETDATE())
INSERT INTO Player (PlayerID, FirstName, LastName, Bats, Throws, Team, Birthdate) VALUES (27, 'Zach', 'Britton', 'R', 'R', '3', GETDATE())
INSERT INTO Player (PlayerID, FirstName, LastName, Bats, Throws, Team, Birthdate) VALUES (28, 'Jeurys', 'Familia', 'R', 'R', '3', GETDATE())
INSERT INTO Player (PlayerID, FirstName, LastName, Bats, Throws, Team, Birthdate) VALUES (29, 'Huston', 'Street', 'R', 'R', '3', GETDATE())
INSERT INTO Player (PlayerID, FirstName, LastName, Bats, Throws, Team, Birthdate) VALUES (30, 'Yu', 'Darvish', 'R', 'R', '3', GETDATE())
INSERT INTO Player (PlayerID, FirstName, LastName, Bats, Throws, Team, Birthdate) VALUES (31, 'Nathan', 'Karns', 'R', 'R', '3', GETDATE())
INSERT INTO Player (PlayerID, FirstName, LastName, Bats, Throws, Team, Birthdate) VALUES (32, 'Carlos', 'Rodon', 'R', 'R', '3', GETDATE())
INSERT INTO Player (PlayerID, FirstName, LastName, Bats, Throws, Team, Birthdate) VALUES (33, 'Hector', 'Santiago', 'R', 'R', '3', GETDATE())
INSERT INTO Player (PlayerID, FirstName, LastName, Bats, Throws, Team, Birthdate) VALUES (34, 'Yordano', 'Ventura', 'R', 'R', '3', GETDATE())
INSERT INTO Player (PlayerID, FirstName, LastName, Bats, Throws, Team, Birthdate) VALUES (35, 'Homer', 'Bailey', 'R', 'R', '3', GETDATE())
INSERT INTO Player (PlayerID, FirstName, LastName, Bats, Throws, Team, Birthdate) VALUES (36, 'Michael', 'Fulmer', 'R', 'R', '3', GETDATE())
INSERT INTO Player (PlayerID, FirstName, LastName, Bats, Throws, Team, Birthdate) VALUES (37, 'Robert', 'Stephenson', 'R', 'R', '4', GETDATE())
INSERT INTO Player (PlayerID, FirstName, LastName, Bats, Throws, Team, Birthdate) VALUES (38, 'Jose', 'De Leon', 'R', 'R', '4', GETDATE())

-- Eligibility 
INSERT INTO Eligibility (PlayerID, PositionID) VALUES (1, 1)
INSERT INTO Eligibility (PlayerID, PositionID, PrimaryPos, DaysPlayed) VALUES (1, 2, 0, 25)
INSERT INTO Eligibility (PlayerID, PositionID) VALUES (2, 2)
INSERT INTO Eligibility (PlayerID, PositionID) VALUES (3, 3)
INSERT INTO Eligibility (PlayerID, PositionID) VALUES (4, 4)
INSERT INTO Eligibility (PlayerID, PositionID) VALUES (5, 5)
INSERT INTO Eligibility (PlayerID, PositionID) VALUES (6, 6)
INSERT INTO Eligibility (PlayerID, PositionID) VALUES (7, 6)
INSERT INTO Eligibility (PlayerID, PositionID) VALUES (8, 6)
INSERT INTO Eligibility (PlayerID, PositionID) VALUES (9, 2)
INSERT INTO Eligibility (PlayerID, PositionID) VALUES (10, 4)
INSERT INTO Eligibility (PlayerID, PositionID) VALUES (11, 4)
INSERT INTO Eligibility (PlayerID, PositionID) VALUES (12, 5)
INSERT INTO Eligibility (PlayerID, PositionID) VALUES (13, 6)
INSERT INTO Eligibility (PlayerID, PositionID) VALUES (14, 3)
INSERT INTO Eligibility (PlayerID, PositionID) VALUES (15, 1)
INSERT INTO Eligibility (PlayerID, PositionID) VALUES (16, 5)
INSERT INTO Eligibility (PlayerID, PositionID) VALUES (17, 5)
INSERT INTO Eligibility (PlayerID, PositionID) VALUES (18, 6)
INSERT INTO Eligibility (PlayerID, PositionID) VALUES (19, 6)
INSERT INTO Eligibility (PlayerID, PositionID) VALUES (20, 6)
INSERT INTO Eligibility (PlayerID, PositionID) VALUES (21, 7)
INSERT INTO Eligibility (PlayerID, PositionID) VALUES (22, 7)
INSERT INTO Eligibility (PlayerID, PositionID) VALUES (23, 7)
INSERT INTO Eligibility (PlayerID, PositionID) VALUES (24, 7)
INSERT INTO Eligibility (PlayerID, PositionID) VALUES (25, 7)
INSERT INTO Eligibility (PlayerID, PositionID) VALUES (26, 7)
INSERT INTO Eligibility (PlayerID, PositionID) VALUES (27, 8)
INSERT INTO Eligibility (PlayerID, PositionID) VALUES (28, 8)
INSERT INTO Eligibility (PlayerID, PositionID) VALUES (29, 8)
INSERT INTO Eligibility (PlayerID, PositionID) VALUES (30, 7)
INSERT INTO Eligibility (PlayerID, PositionID) VALUES (31, 7)
INSERT INTO Eligibility (PlayerID, PositionID) VALUES (32, 7)
INSERT INTO Eligibility (PlayerID, PositionID) VALUES (33, 7)
INSERT INTO Eligibility (PlayerID, PositionID) VALUES (34, 7)
INSERT INTO Eligibility (PlayerID, PositionID) VALUES (35, 7)
INSERT INTO Eligibility (PlayerID, PositionID) VALUES (36, 7)
INSERT INTO Eligibility (PlayerID, PositionID) VALUES (37, 7)
INSERT INTO Eligibility (PlayerID, PositionID) VALUES (38, 7)
GO

GO
PRINT N'Checking existing data against newly created constraints';


GO
USE [$(DatabaseName)];


GO
ALTER TABLE [dbo].[Eligibility] WITH CHECK CHECK CONSTRAINT [FK_Eligilblity_Posiition];

ALTER TABLE [dbo].[Roster] WITH CHECK CHECK CONSTRAINT [Status_CK];


GO
PRINT N'Update complete.';


GO
