/*
Deployment script for MLB

This code was generated by a tool.
Changes to this file may cause incorrect behavior and will be lost if
the code is regenerated.
*/

GO
SET ANSI_NULLS, ANSI_PADDING, ANSI_WARNINGS, ARITHABORT, CONCAT_NULL_YIELDS_NULL, QUOTED_IDENTIFIER ON;

SET NUMERIC_ROUNDABORT OFF;


GO
:setvar DatabaseName "MLB"
:setvar DefaultFilePrefix "MLB"
:setvar DefaultDataPath "C:\Program Files\Microsoft SQL Server\MSSQL10_50.MSSQLSERVER\MSSQL\DATA\"
:setvar DefaultLogPath "C:\Program Files\Microsoft SQL Server\MSSQL10_50.MSSQLSERVER\MSSQL\DATA\"

GO
:on error exit
GO
/*
Detect SQLCMD mode and disable script execution if SQLCMD mode is not supported.
To re-enable the script after enabling SQLCMD mode, execute the following:
SET NOEXEC OFF; 
*/
:setvar __IsSqlCmdEnabled "True"
GO
IF N'$(__IsSqlCmdEnabled)' NOT LIKE N'True'
    BEGIN
        PRINT N'SQLCMD mode must be enabled to successfully execute this script.';
        SET NOEXEC ON;
    END


GO
USE [$(DatabaseName)];


GO
/*
 Pre-Deployment Script Template							
--------------------------------------------------------------------------------------
 This file contains SQL statements that will be executed before the build script.	
 Use SQLCMD syntax to include a file in the pre-deployment script.			
 Example:      :r .\myfile.sql								
 Use SQLCMD syntax to reference a variable in the pre-deployment script.		
 Example:      :setvar TableName MyTable							
               SELECT * FROM [$(TableName)]					
--------------------------------------------------------------------------------------
*/

SET NOCOUNT ON
 DECLARE @table TABLE(
RowId INT PRIMARY KEY IDENTITY(1, 1),
ForeignKeyConstraintName NVARCHAR(200),
ForeignKeyConstraintTableSchema NVARCHAR(200),
ForeignKeyConstraintTableName NVARCHAR(200),
ForeignKeyConstraintColumnName NVARCHAR(200),
PrimaryKeyConstraintName NVARCHAR(200),
PrimaryKeyConstraintTableSchema NVARCHAR(200),
PrimaryKeyConstraintTableName NVARCHAR(200),
PrimaryKeyConstraintColumnName NVARCHAR(200)
 )
INSERT INTO @table(ForeignKeyConstraintName, ForeignKeyConstraintTableSchema, ForeignKeyConstraintTableName, ForeignKeyConstraintColumnName)
SELECT
U.CONSTRAINT_NAME,
U.TABLE_SCHEMA,
U.TABLE_NAME,
U.COLUMN_NAME
FROM
INFORMATION_SCHEMA.KEY_COLUMN_USAGE U
INNER JOIN INFORMATION_SCHEMA.TABLE_CONSTRAINTS C
ON U.CONSTRAINT_NAME = C.CONSTRAINT_NAME
WHERE
C.CONSTRAINT_TYPE = 'FOREIGN KEY'
UPDATE @table SET
PrimaryKeyConstraintName = UNIQUE_CONSTRAINT_NAME
FROM
@table T
INNER JOIN INFORMATION_SCHEMA.REFERENTIAL_CONSTRAINTS R
ON T.ForeignKeyConstraintName = R.CONSTRAINT_NAME
UPDATE @table SET
PrimaryKeyConstraintTableSchema = TABLE_SCHEMA,
PrimaryKeyConstraintTableName = TABLE_NAME
FROM @table T
INNER JOIN INFORMATION_SCHEMA.TABLE_CONSTRAINTS C
ON T.PrimaryKeyConstraintName = C.CONSTRAINT_NAME
UPDATE @table SET
PrimaryKeyConstraintColumnName = COLUMN_NAME
FROM @table T
INNER JOIN INFORMATION_SCHEMA.KEY_COLUMN_USAGE U
ON T.PrimaryKeyConstraintName = U.CONSTRAINT_NAME
--SELECT * FROM @table
 --DROP CONSTRAINT:
SELECT
'
 ALTER TABLE [' + ForeignKeyConstraintTableSchema + '].[' + ForeignKeyConstraintTableName + ']
 DROP CONSTRAINT ' + ForeignKeyConstraintName + '

GO'
FROM
@table
--ADD CONSTRAINT:
SELECT
'
ALTER TABLE [' + ForeignKeyConstraintTableSchema + '].[' + ForeignKeyConstraintTableName + ']
ADD CONSTRAINT ' + ForeignKeyConstraintName + ' FOREIGN KEY(' + ForeignKeyConstraintColumnName + ') REFERENCES [' + PrimaryKeyConstraintTableSchema + '].[' + PrimaryKeyConstraintTableName + '](' + PrimaryKeyConstraintColumnName + ')

GO'
FROM
@table
GO

GO

GO
PRINT N'Dropping DF__tmp_ms_xx__Date___3B75D760...';


GO
ALTER TABLE [dbo].[Eligibility] DROP CONSTRAINT [DF__tmp_ms_xx__Date___3B75D760];


GO
PRINT N'Dropping DF__tmp_ms_xx__Date___3C69FB99...';


GO
ALTER TABLE [dbo].[Eligibility] DROP CONSTRAINT [DF__tmp_ms_xx__Date___3C69FB99];


GO
PRINT N'Dropping DF__Player__Date_Tim__4AB81AF0...';


GO
ALTER TABLE [dbo].[Player] DROP CONSTRAINT [DF__Player__Date_Tim__4AB81AF0];


GO
PRINT N'Dropping DF__Player__Date_Tim__4BAC3F29...';


GO
ALTER TABLE [dbo].[Player] DROP CONSTRAINT [DF__Player__Date_Tim__4BAC3F29];


GO
PRINT N'Dropping DF__Position__Date_T__4CA06362...';


GO
ALTER TABLE [dbo].[Position] DROP CONSTRAINT [DF__Position__Date_T__4CA06362];


GO
PRINT N'Dropping DF__Position__Date_T__4D94879B...';


GO
ALTER TABLE [dbo].[Position] DROP CONSTRAINT [DF__Position__Date_T__4D94879B];


GO
PRINT N'Dropping DF__tmp_ms_xx__Date___412EB0B6...';


GO
ALTER TABLE [dbo].[Roster] DROP CONSTRAINT [DF__tmp_ms_xx__Date___412EB0B6];


GO
PRINT N'Dropping DF__tmp_ms_xx__Date___4222D4EF...';


GO
ALTER TABLE [dbo].[Roster] DROP CONSTRAINT [DF__tmp_ms_xx__Date___4222D4EF];


GO
PRINT N'Dropping DF__tmp_ms_xx__Date___48CFD27E...';


GO
ALTER TABLE [dbo].[Team] DROP CONSTRAINT [DF__tmp_ms_xx__Date___48CFD27E];


GO
PRINT N'Dropping DF__tmp_ms_xx__Date___49C3F6B7...';


GO
ALTER TABLE [dbo].[Team] DROP CONSTRAINT [DF__tmp_ms_xx__Date___49C3F6B7];


GO
PRINT N'Creating Default Constraint on [dbo].[Eligibility]....';


GO
ALTER TABLE [dbo].[Eligibility]
    ADD DEFAULT CURRENT_TIMESTAMP FOR [Date_Time_Created];


GO
PRINT N'Creating Default Constraint on [dbo].[Eligibility]....';


GO
ALTER TABLE [dbo].[Eligibility]
    ADD DEFAULT CURRENT_TIMESTAMP FOR [Date_Time_Modified];


GO
PRINT N'Creating Default Constraint on [dbo].[Player]....';


GO
ALTER TABLE [dbo].[Player]
    ADD DEFAULT CURRENT_TIMESTAMP FOR [Date_Time_Created];


GO
PRINT N'Creating Default Constraint on [dbo].[Player]....';


GO
ALTER TABLE [dbo].[Player]
    ADD DEFAULT CURRENT_TIMESTAMP FOR [Date_Time_Modified];


GO
PRINT N'Creating Default Constraint on [dbo].[Position]....';


GO
ALTER TABLE [dbo].[Position]
    ADD DEFAULT CURRENT_TIMESTAMP FOR [Date_Time_Created];


GO
PRINT N'Creating Default Constraint on [dbo].[Position]....';


GO
ALTER TABLE [dbo].[Position]
    ADD DEFAULT CURRENT_TIMESTAMP FOR [Date_Time_Modified];


GO
PRINT N'Creating Default Constraint on [dbo].[Roster]....';


GO
ALTER TABLE [dbo].[Roster]
    ADD DEFAULT CURRENT_TIMESTAMP FOR [Date_Time_Created];


GO
PRINT N'Creating Default Constraint on [dbo].[Roster]....';


GO
ALTER TABLE [dbo].[Roster]
    ADD DEFAULT CURRENT_TIMESTAMP FOR [Date_Time_Modified];


GO
PRINT N'Creating Default Constraint on [dbo].[Team]....';


GO
ALTER TABLE [dbo].[Team]
    ADD DEFAULT CURRENT_TIMESTAMP FOR [Date_Time_Created];


GO
PRINT N'Creating Default Constraint on [dbo].[Team]....';


GO
ALTER TABLE [dbo].[Team]
    ADD DEFAULT CURRENT_TIMESTAMP FOR [Date_Time_Modified];


GO
DELETE FROM Position
DELETE FROM Player
DELETE FROM Eligibility
DELETE FROM Roster
DELETE FROM Team

-- Teams
INSERT INTO Team (TeamID, Abbreviation, Name) VALUES (1, 'ARI', 'Diamondbacks')
INSERT INTO Team (TeamID, Abbreviation, Name) VALUES (2, 'ATL', 'Braves')
INSERT INTO Team (TeamID, Abbreviation, Name) VALUES (3, 'BAL', 'Orioles')
INSERT INTO Team (TeamID, Abbreviation, Name) VALUES (4, 'BOS', 'Red Sox')
INSERT INTO Team (TeamID, Abbreviation, Name) VALUES (5, 'CHC', 'Cubs')
INSERT INTO Team (TeamID, Abbreviation, Name) VALUES (6, 'CHW', 'White Sox')
INSERT INTO Team (TeamID, Abbreviation, Name) VALUES (7, 'CIN', 'Reds')
INSERT INTO Team (TeamID, Abbreviation, Name) VALUES (8, 'CLE', 'Indians')
INSERT INTO Team (TeamID, Abbreviation, Name) VALUES (9, 'COL', 'Rockies')
INSERT INTO Team (TeamID, Abbreviation, Name) VALUES (10, 'DET', 'Tigers')
INSERT INTO Team (TeamID, Abbreviation, Name) VALUES (11, 'HOU', 'Astros')
INSERT INTO Team (TeamID, Abbreviation, Name) VALUES (12, 'KC', 'Royals')
INSERT INTO Team (TeamID, Abbreviation, Name) VALUES (13, 'LAA', 'Angels')
INSERT INTO Team (TeamID, Abbreviation, Name) VALUES (14, 'LAD', 'Dodgers')
INSERT INTO Team (TeamID, Abbreviation, Name) VALUES (15, 'MIA', 'Marlins')
INSERT INTO Team (TeamID, Abbreviation, Name) VALUES (16, 'MIL', 'Brewers')
INSERT INTO Team (TeamID, Abbreviation, Name) VALUES (17, 'MIN', 'Twins')
INSERT INTO Team (TeamID, Abbreviation, Name) VALUES (18, 'NYM', 'Mets')
INSERT INTO Team (TeamID, Abbreviation, Name) VALUES (19, 'NYY', 'Yankees')
INSERT INTO Team (TeamID, Abbreviation, Name) VALUES (20, 'OAK', 'As')
INSERT INTO Team (TeamID, Abbreviation, Name) VALUES (21, 'PHI', 'Phillies')
INSERT INTO Team (TeamID, Abbreviation, Name) VALUES (22, 'PIT', 'Pirates')
INSERT INTO Team (TeamID, Abbreviation, Name) VALUES (23, 'SD', 'Padres')
INSERT INTO Team (TeamID, Abbreviation, Name) VALUES (24, 'SEA', 'Mariners')
INSERT INTO Team (TeamID, Abbreviation, Name) VALUES (25, 'SF', 'Giants')
INSERT INTO Team (TeamID, Abbreviation, Name) VALUES (26, 'STL', 'Cardinals')
INSERT INTO Team (TeamID, Abbreviation, Name) VALUES (27, 'TB', 'Rays')
INSERT INTO Team (TeamID, Abbreviation, Name) VALUES (28, 'TEX', 'Rangers')
INSERT INTO Team (TeamID, Abbreviation, Name) VALUES (29, 'TOR', 'Blue Jays')
INSERT INTO Team (TeamID, Abbreviation, Name) VALUES (30, 'WAS', 'Nationals')

-- Positions
INSERT INTO Position (PositionID, Name) VALUES (1, 'C')
INSERT INTO Position (PositionID, Name) VALUES (2, '1B')
INSERT INTO Position (PositionID, Name) VALUES (3, '2B')
INSERT INTO Position (PositionID, Name) VALUES (4, '3B')
INSERT INTO Position (PositionID, Name) VALUES (5, 'SS')
INSERT INTO Position (PositionID, Name) VALUES (6, 'OF')
INSERT INTO Position (PositionID, Name) VALUES (7, 'SP')
INSERT INTO Position (PositionID, Name) VALUES (8, 'RP')

-- Players
INSERT INTO Player (PlayerID, FirstName, LastName, Bats, Throws, Team, Birthdate) VALUES (1, 'Buster', 'Posey', 'R', 'R', '1', GETDATE())
INSERT INTO Player (PlayerID, FirstName, LastName, Bats, Throws, Team, Birthdate) VALUES (2, 'Freddie', 'Freeman', 'R', 'R', '1', GETDATE())
INSERT INTO Player (PlayerID, FirstName, LastName, Bats, Throws, Team, Birthdate) VALUES (3, 'Kolten', 'Wong', 'R', 'R', '1', GETDATE())
INSERT INTO Player (PlayerID, FirstName, LastName, Bats, Throws, Team, Birthdate) VALUES (4, 'Josh', 'Donaldson', 'R', 'R', '1', GETDATE())
INSERT INTO Player (PlayerID, FirstName, LastName, Bats, Throws, Team, Birthdate) VALUES (5, 'Corey', 'Seager', 'R', 'R', '1', GETDATE())
INSERT INTO Player (PlayerID, FirstName, LastName, Bats, Throws, Team, Birthdate) VALUES (6, 'Mookie', 'Betts', 'R', 'R', '1', GETDATE())
INSERT INTO Player (PlayerID, FirstName, LastName, Bats, Throws, Team, Birthdate) VALUES (7, 'George', 'Springer', 'R', 'R', '1', GETDATE())
INSERT INTO Player (PlayerID, FirstName, LastName, Bats, Throws, Team, Birthdate) VALUES (8, 'Justin', 'Upton', 'R', 'R', '1', GETDATE())
INSERT INTO Player (PlayerID, FirstName, LastName, Bats, Throws, Team, Birthdate) VALUES (9, 'Adrian', 'Gonzalez', 'R', 'R', '1', GETDATE())
INSERT INTO Player (PlayerID, FirstName, LastName, Bats, Throws, Team, Birthdate) VALUES (10, 'Anthony', 'Rendon', 'R', 'R', '1', GETDATE())
INSERT INTO Player (PlayerID, FirstName, LastName, Bats, Throws, Team, Birthdate) VALUES (11, 'Kyle', 'Seager', 'R', 'R', '1', GETDATE())
INSERT INTO Player (PlayerID, FirstName, LastName, Bats, Throws, Team, Birthdate) VALUES (12, 'Addison', 'Russell', 'R', 'R', '1', GETDATE())
INSERT INTO Player (PlayerID, FirstName, LastName, Bats, Throws, Team, Birthdate) VALUES (13, 'Corey', 'Dickerson', 'R', 'R', '1', GETDATE())
INSERT INTO Player (PlayerID, FirstName, LastName, Bats, Throws, Team, Birthdate) VALUES (14, 'Jurickson', 'Profar', 'R', 'R', '2', GETDATE())
INSERT INTO Player (PlayerID, FirstName, LastName, Bats, Throws, Team, Birthdate) VALUES (15, 'Jorge', 'Alfaro', 'R', 'R', '2', GETDATE())
INSERT INTO Player (PlayerID, FirstName, LastName, Bats, Throws, Team, Birthdate) VALUES (16, 'Franklin', 'Barreto', 'R', 'R', '2', GETDATE())
INSERT INTO Player (PlayerID, FirstName, LastName, Bats, Throws, Team, Birthdate) VALUES (17, 'Trevor', 'Story', 'R', 'R', '2', GETDATE())
INSERT INTO Player (PlayerID, FirstName, LastName, Bats, Throws, Team, Birthdate) VALUES (18, 'Lewis', 'Brinson', 'R', 'R', '2', GETDATE())
INSERT INTO Player (PlayerID, FirstName, LastName, Bats, Throws, Team, Birthdate) VALUES (19, 'Byron', 'Buxton', 'R', 'R', '2', GETDATE())
INSERT INTO Player (PlayerID, FirstName, LastName, Bats, Throws, Team, Birthdate) VALUES (20, 'Alex', 'Jackson', 'R', 'R', '2', GETDATE())
INSERT INTO Player (PlayerID, FirstName, LastName, Bats, Throws, Team, Birthdate) VALUES (21, 'Carlos', 'Carrasco', 'R', 'R', '2', GETDATE())
INSERT INTO Player (PlayerID, FirstName, LastName, Bats, Throws, Team, Birthdate) VALUES (22, 'Tyson', 'Ross', 'R', 'R', '2', GETDATE())
INSERT INTO Player (PlayerID, FirstName, LastName, Bats, Throws, Team, Birthdate) VALUES (23, 'Danny', 'Salazar', 'R', 'R', '2', GETDATE())
INSERT INTO Player (PlayerID, FirstName, LastName, Bats, Throws, Team, Birthdate) VALUES (24, 'Luis', 'Severino', 'R', 'R', '2', GETDATE())
INSERT INTO Player (PlayerID, FirstName, LastName, Bats, Throws, Team, Birthdate) VALUES (25, 'Jordan', 'Zimmermann', 'R', 'R', '2', GETDATE())
INSERT INTO Player (PlayerID, FirstName, LastName, Bats, Throws, Team, Birthdate) VALUES (26, 'Jacob', 'deGrom', 'R', 'R', '2', GETDATE())
INSERT INTO Player (PlayerID, FirstName, LastName, Bats, Throws, Team, Birthdate) VALUES (27, 'Zach', 'Britton', 'R', 'R', '3', GETDATE())
INSERT INTO Player (PlayerID, FirstName, LastName, Bats, Throws, Team, Birthdate) VALUES (28, 'Jeurys', 'Familia', 'R', 'R', '3', GETDATE())
INSERT INTO Player (PlayerID, FirstName, LastName, Bats, Throws, Team, Birthdate) VALUES (29, 'Huston', 'Street', 'R', 'R', '3', GETDATE())
INSERT INTO Player (PlayerID, FirstName, LastName, Bats, Throws, Team, Birthdate) VALUES (30, 'Yu', 'Darvish', 'R', 'R', '3', GETDATE())
INSERT INTO Player (PlayerID, FirstName, LastName, Bats, Throws, Team, Birthdate) VALUES (31, 'Nathan', 'Karns', 'R', 'R', '3', GETDATE())
INSERT INTO Player (PlayerID, FirstName, LastName, Bats, Throws, Team, Birthdate) VALUES (32, 'Carlos', 'Rodon', 'R', 'R', '3', GETDATE())
INSERT INTO Player (PlayerID, FirstName, LastName, Bats, Throws, Team, Birthdate) VALUES (33, 'Hector', 'Santiago', 'R', 'R', '3', GETDATE())
INSERT INTO Player (PlayerID, FirstName, LastName, Bats, Throws, Team, Birthdate) VALUES (34, 'Yordano', 'Ventura', 'R', 'R', '3', GETDATE())
INSERT INTO Player (PlayerID, FirstName, LastName, Bats, Throws, Team, Birthdate) VALUES (35, 'Homer', 'Bailey', 'R', 'R', '3', GETDATE())
INSERT INTO Player (PlayerID, FirstName, LastName, Bats, Throws, Team, Birthdate) VALUES (36, 'Michael', 'Fulmer', 'R', 'R', '3', GETDATE())
INSERT INTO Player (PlayerID, FirstName, LastName, Bats, Throws, Team, Birthdate) VALUES (37, 'Robert', 'Stephenson', 'R', 'R', '4', GETDATE())
INSERT INTO Player (PlayerID, FirstName, LastName, Bats, Throws, Team, Birthdate) VALUES (38, 'Jose', 'De Leon', 'R', 'R', '4', GETDATE())

-- Eligibility 
INSERT INTO Eligibility (PlayerID, PositionID) VALUES (1, 1)
INSERT INTO Eligibility (PlayerID, PositionID, PrimaryPos, DaysPlayed) VALUES (1, 2, 0, 25)
INSERT INTO Eligibility (PlayerID, PositionID) VALUES (2, 2)
INSERT INTO Eligibility (PlayerID, PositionID) VALUES (3, 3)
INSERT INTO Eligibility (PlayerID, PositionID) VALUES (4, 4)
INSERT INTO Eligibility (PlayerID, PositionID) VALUES (5, 5)
INSERT INTO Eligibility (PlayerID, PositionID) VALUES (6, 6)
INSERT INTO Eligibility (PlayerID, PositionID) VALUES (7, 6)
INSERT INTO Eligibility (PlayerID, PositionID) VALUES (8, 6)
INSERT INTO Eligibility (PlayerID, PositionID) VALUES (9, 2)
INSERT INTO Eligibility (PlayerID, PositionID) VALUES (10, 4)
INSERT INTO Eligibility (PlayerID, PositionID) VALUES (11, 4)
INSERT INTO Eligibility (PlayerID, PositionID) VALUES (12, 5)
INSERT INTO Eligibility (PlayerID, PositionID) VALUES (13, 6)
INSERT INTO Eligibility (PlayerID, PositionID) VALUES (14, 3)
INSERT INTO Eligibility (PlayerID, PositionID) VALUES (15, 1)
INSERT INTO Eligibility (PlayerID, PositionID) VALUES (16, 5)
INSERT INTO Eligibility (PlayerID, PositionID) VALUES (17, 5)
INSERT INTO Eligibility (PlayerID, PositionID) VALUES (18, 6)
INSERT INTO Eligibility (PlayerID, PositionID) VALUES (19, 6)
INSERT INTO Eligibility (PlayerID, PositionID) VALUES (20, 6)
INSERT INTO Eligibility (PlayerID, PositionID) VALUES (21, 7)
INSERT INTO Eligibility (PlayerID, PositionID) VALUES (22, 7)
INSERT INTO Eligibility (PlayerID, PositionID) VALUES (23, 7)
INSERT INTO Eligibility (PlayerID, PositionID) VALUES (24, 7)
INSERT INTO Eligibility (PlayerID, PositionID) VALUES (25, 7)
INSERT INTO Eligibility (PlayerID, PositionID) VALUES (26, 7)
INSERT INTO Eligibility (PlayerID, PositionID) VALUES (27, 8)
INSERT INTO Eligibility (PlayerID, PositionID) VALUES (28, 8)
INSERT INTO Eligibility (PlayerID, PositionID) VALUES (29, 8)
INSERT INTO Eligibility (PlayerID, PositionID) VALUES (30, 7)
INSERT INTO Eligibility (PlayerID, PositionID) VALUES (31, 7)
INSERT INTO Eligibility (PlayerID, PositionID) VALUES (32, 7)
INSERT INTO Eligibility (PlayerID, PositionID) VALUES (33, 7)
INSERT INTO Eligibility (PlayerID, PositionID) VALUES (34, 7)
INSERT INTO Eligibility (PlayerID, PositionID) VALUES (35, 7)
INSERT INTO Eligibility (PlayerID, PositionID) VALUES (36, 7)
INSERT INTO Eligibility (PlayerID, PositionID) VALUES (37, 7)
INSERT INTO Eligibility (PlayerID, PositionID) VALUES (38, 7)
GO

GO
PRINT N'Update complete.';


GO
