/*
Deployment script for MLB

This code was generated by a tool.
Changes to this file may cause incorrect behavior and will be lost if
the code is regenerated.
*/

GO
SET ANSI_NULLS, ANSI_PADDING, ANSI_WARNINGS, ARITHABORT, CONCAT_NULL_YIELDS_NULL, QUOTED_IDENTIFIER ON;

SET NUMERIC_ROUNDABORT OFF;


GO
:setvar DatabaseName "MLB"
:setvar DefaultFilePrefix "MLB"
:setvar DefaultDataPath "C:\Program Files\Microsoft SQL Server\MSSQL10_50.MSSQLSERVER\MSSQL\DATA\"
:setvar DefaultLogPath "C:\Program Files\Microsoft SQL Server\MSSQL10_50.MSSQLSERVER\MSSQL\DATA\"

GO
:on error exit
GO
/*
Detect SQLCMD mode and disable script execution if SQLCMD mode is not supported.
To re-enable the script after enabling SQLCMD mode, execute the following:
SET NOEXEC OFF; 
*/
:setvar __IsSqlCmdEnabled "True"
GO
IF N'$(__IsSqlCmdEnabled)' NOT LIKE N'True'
    BEGIN
        PRINT N'SQLCMD mode must be enabled to successfully execute this script.';
        SET NOEXEC ON;
    END


GO
USE [master];


GO

IF (DB_ID(N'$(DatabaseName)') IS NOT NULL) 
BEGIN
    ALTER DATABASE [$(DatabaseName)]
    SET SINGLE_USER WITH ROLLBACK IMMEDIATE;
    DROP DATABASE [$(DatabaseName)];
END

GO
PRINT N'Creating $(DatabaseName)...'
GO
CREATE DATABASE [$(DatabaseName)]
    ON 
    PRIMARY(NAME = [$(DatabaseName)], FILENAME = N'$(DefaultDataPath)$(DefaultFilePrefix)_Primary.mdf')
    LOG ON (NAME = [$(DatabaseName)_log], FILENAME = N'$(DefaultLogPath)$(DefaultFilePrefix)_Primary.ldf') COLLATE SQL_Latin1_General_CP1_CI_AS
GO
ALTER DATABASE [$(DatabaseName)]
    SET SINGLE_USER 
    WITH ROLLBACK IMMEDIATE
GO
IF EXISTS (SELECT 1
           FROM   [master].[dbo].[sysdatabases]
           WHERE  [name] = N'$(DatabaseName)')
    BEGIN
        ALTER DATABASE [$(DatabaseName)]
            SET ANSI_NULLS ON,
                ANSI_PADDING ON,
                ANSI_WARNINGS ON,
                ARITHABORT ON,
                CONCAT_NULL_YIELDS_NULL ON,
                NUMERIC_ROUNDABORT OFF,
                QUOTED_IDENTIFIER ON,
                ANSI_NULL_DEFAULT ON,
                CURSOR_DEFAULT LOCAL,
                RECOVERY FULL,
                CURSOR_CLOSE_ON_COMMIT OFF,
                AUTO_CREATE_STATISTICS ON,
                AUTO_SHRINK OFF,
                AUTO_UPDATE_STATISTICS ON,
                RECURSIVE_TRIGGERS OFF 
            WITH ROLLBACK IMMEDIATE;
        ALTER DATABASE [$(DatabaseName)]
            SET AUTO_CLOSE OFF 
            WITH ROLLBACK IMMEDIATE;
    END


GO
IF EXISTS (SELECT 1
           FROM   [master].[dbo].[sysdatabases]
           WHERE  [name] = N'$(DatabaseName)')
    BEGIN
        ALTER DATABASE [$(DatabaseName)]
            SET ALLOW_SNAPSHOT_ISOLATION OFF;
    END


GO
IF EXISTS (SELECT 1
           FROM   [master].[dbo].[sysdatabases]
           WHERE  [name] = N'$(DatabaseName)')
    BEGIN
        ALTER DATABASE [$(DatabaseName)]
            SET READ_COMMITTED_SNAPSHOT OFF;
    END


GO
IF EXISTS (SELECT 1
           FROM   [master].[dbo].[sysdatabases]
           WHERE  [name] = N'$(DatabaseName)')
    BEGIN
        ALTER DATABASE [$(DatabaseName)]
            SET AUTO_UPDATE_STATISTICS_ASYNC OFF,
                PAGE_VERIFY NONE,
                DATE_CORRELATION_OPTIMIZATION OFF,
                DISABLE_BROKER,
                PARAMETERIZATION SIMPLE,
                SUPPLEMENTAL_LOGGING OFF 
            WITH ROLLBACK IMMEDIATE;
    END


GO
IF IS_SRVROLEMEMBER(N'sysadmin') = 1
    BEGIN
        IF EXISTS (SELECT 1
                   FROM   [master].[dbo].[sysdatabases]
                   WHERE  [name] = N'$(DatabaseName)')
            BEGIN
                EXECUTE sp_executesql N'ALTER DATABASE [$(DatabaseName)]
    SET TRUSTWORTHY OFF,
        DB_CHAINING OFF 
    WITH ROLLBACK IMMEDIATE';
            END
    END
ELSE
    BEGIN
        PRINT N'The database settings cannot be modified. You must be a SysAdmin to apply these settings.';
    END


GO
IF IS_SRVROLEMEMBER(N'sysadmin') = 1
    BEGIN
        IF EXISTS (SELECT 1
                   FROM   [master].[dbo].[sysdatabases]
                   WHERE  [name] = N'$(DatabaseName)')
            BEGIN
                EXECUTE sp_executesql N'ALTER DATABASE [$(DatabaseName)]
    SET HONOR_BROKER_PRIORITY OFF 
    WITH ROLLBACK IMMEDIATE';
            END
    END
ELSE
    BEGIN
        PRINT N'The database settings cannot be modified. You must be a SysAdmin to apply these settings.';
    END


GO
USE [$(DatabaseName)];


GO
IF fulltextserviceproperty(N'IsFulltextInstalled') = 1
    EXECUTE sp_fulltext_database 'enable';


GO
/*
 Pre-Deployment Script Template							
--------------------------------------------------------------------------------------
 This file contains SQL statements that will be executed before the build script.	
 Use SQLCMD syntax to include a file in the pre-deployment script.			
 Example:      :r .\myfile.sql								
 Use SQLCMD syntax to reference a variable in the pre-deployment script.		
 Example:      :setvar TableName MyTable							
               SELECT * FROM [$(TableName)]					
--------------------------------------------------------------------------------------
*/

SET NOCOUNT ON
 DECLARE @table TABLE(
RowId INT PRIMARY KEY IDENTITY(1, 1),
ForeignKeyConstraintName NVARCHAR(200),
ForeignKeyConstraintTableSchema NVARCHAR(200),
ForeignKeyConstraintTableName NVARCHAR(200),
ForeignKeyConstraintColumnName NVARCHAR(200),
PrimaryKeyConstraintName NVARCHAR(200),
PrimaryKeyConstraintTableSchema NVARCHAR(200),
PrimaryKeyConstraintTableName NVARCHAR(200),
PrimaryKeyConstraintColumnName NVARCHAR(200)
 )
INSERT INTO @table(ForeignKeyConstraintName, ForeignKeyConstraintTableSchema, ForeignKeyConstraintTableName, ForeignKeyConstraintColumnName)
SELECT
U.CONSTRAINT_NAME,
U.TABLE_SCHEMA,
U.TABLE_NAME,
U.COLUMN_NAME
FROM
INFORMATION_SCHEMA.KEY_COLUMN_USAGE U
INNER JOIN INFORMATION_SCHEMA.TABLE_CONSTRAINTS C
ON U.CONSTRAINT_NAME = C.CONSTRAINT_NAME
WHERE
C.CONSTRAINT_TYPE = 'FOREIGN KEY'
UPDATE @table SET
PrimaryKeyConstraintName = UNIQUE_CONSTRAINT_NAME
FROM
@table T
INNER JOIN INFORMATION_SCHEMA.REFERENTIAL_CONSTRAINTS R
ON T.ForeignKeyConstraintName = R.CONSTRAINT_NAME
UPDATE @table SET
PrimaryKeyConstraintTableSchema = TABLE_SCHEMA,
PrimaryKeyConstraintTableName = TABLE_NAME
FROM @table T
INNER JOIN INFORMATION_SCHEMA.TABLE_CONSTRAINTS C
ON T.PrimaryKeyConstraintName = C.CONSTRAINT_NAME
UPDATE @table SET
PrimaryKeyConstraintColumnName = COLUMN_NAME
FROM @table T
INNER JOIN INFORMATION_SCHEMA.KEY_COLUMN_USAGE U
ON T.PrimaryKeyConstraintName = U.CONSTRAINT_NAME
--SELECT * FROM @table
 --DROP CONSTRAINT:
SELECT
'
 ALTER TABLE [' + ForeignKeyConstraintTableSchema + '].[' + ForeignKeyConstraintTableName + ']
 DROP CONSTRAINT ' + ForeignKeyConstraintName + '

GO'
FROM
@table
--ADD CONSTRAINT:
SELECT
'
ALTER TABLE [' + ForeignKeyConstraintTableSchema + '].[' + ForeignKeyConstraintTableName + ']
ADD CONSTRAINT ' + ForeignKeyConstraintName + ' FOREIGN KEY(' + ForeignKeyConstraintColumnName + ') REFERENCES [' + PrimaryKeyConstraintTableSchema + '].[' + PrimaryKeyConstraintTableName + '](' + PrimaryKeyConstraintColumnName + ')

GO'
FROM
@table
GO

GO

GO
PRINT N'Creating [dbo].[Eligibility]...';


GO
CREATE TABLE [dbo].[Eligibility] (
    [PlayerID]           INT          NOT NULL,
    [PositionID]         INT          NOT NULL,
    [Primary]            BIT          NOT NULL,
    [DaysPlayed]         INT          NOT NULL,
    [Season]             DATE         NOT NULL,
    [Date_Time_Created]  DATETIME     NOT NULL,
    [User_Id_Created]    VARCHAR (50) NULL,
    [Date_Time_Modified] DATETIME     NOT NULL,
    [User_Id_Modified]   VARCHAR (50) NULL,
    [Form_Id]            VARCHAR (50) NULL,
    PRIMARY KEY CLUSTERED ([PlayerID] ASC)
);


GO
PRINT N'Creating [dbo].[Player]...';


GO
CREATE TABLE [dbo].[Player] (
    [PlayerID]           INT           NOT NULL,
    [FirstName]          VARCHAR (100) NOT NULL,
    [LastName]           VARCHAR (100) NOT NULL,
    [Bats]               VARCHAR (1)   NOT NULL,
    [Throws]             VARCHAR (1)   NOT NULL,
    [Team]               VARCHAR (3)   NOT NULL,
    [Birthdate]          DATE          NOT NULL,
    [Date_Time_Created]  DATETIME      NOT NULL,
    [User_Id_Created]    VARCHAR (50)  NULL,
    [Date_Time_Modified] DATETIME      NOT NULL,
    [User_Id_Modified]   VARCHAR (50)  NULL,
    [Form_Id]            VARCHAR (50)  NULL,
    PRIMARY KEY CLUSTERED ([PlayerID] ASC)
);


GO
PRINT N'Creating [dbo].[Position]...';


GO
CREATE TABLE [dbo].[Position] (
    [PositionID]         INT           NOT NULL,
    [Name]               VARCHAR (100) NOT NULL,
    [Date_Time_Created]  DATETIME      NOT NULL,
    [User_Id_Created]    VARCHAR (50)  NULL,
    [Date_Time_Modified] DATETIME      NOT NULL,
    [User_Id_Modified]   VARCHAR (50)  NULL,
    [Form_Id]            VARCHAR (50)  NULL,
    PRIMARY KEY CLUSTERED ([PositionID] ASC)
);


GO
PRINT N'Creating [dbo].[Roster]...';


GO
CREATE TABLE [dbo].[Roster] (
    [TeamID]             INT          NOT NULL,
    [PlayerID]           INT          NOT NULL,
    [Position]           VARCHAR (2)  NOT NULL,
    [Status]             VARCHAR (1)  NOT NULL,
    [Date_Time_Created]  DATETIME     NOT NULL,
    [User_Id_Created]    VARCHAR (50) NULL,
    [Date_Time_Modified] DATETIME     NOT NULL,
    [User_Id_Modified]   VARCHAR (50) NULL,
    [Form_Id]            VARCHAR (50) NULL,
    PRIMARY KEY CLUSTERED ([TeamID] ASC)
);


GO
PRINT N'Creating [dbo].[Team]...';


GO
CREATE TABLE [dbo].[Team] (
    [Id] INT NOT NULL,
    PRIMARY KEY CLUSTERED ([Id] ASC)
);


GO
PRINT N'Creating Default Constraint on [dbo].[Eligibility]....';


GO
ALTER TABLE [dbo].[Eligibility]
    ADD DEFAULT 1 FOR [Primary];


GO
PRINT N'Creating Default Constraint on [dbo].[Eligibility]....';


GO
ALTER TABLE [dbo].[Eligibility]
    ADD DEFAULT 0 FOR [DaysPlayed];


GO
PRINT N'Creating Default Constraint on [dbo].[Eligibility]....';


GO
ALTER TABLE [dbo].[Eligibility]
    ADD DEFAULT GETDATE() FOR [Season];


GO
PRINT N'Creating Default Constraint on [dbo].[Eligibility]....';


GO
ALTER TABLE [dbo].[Eligibility]
    ADD DEFAULT CURRENT_TIMESTAMP FOR [Date_Time_Created];


GO
PRINT N'Creating Default Constraint on [dbo].[Eligibility]....';


GO
ALTER TABLE [dbo].[Eligibility]
    ADD DEFAULT CURRENT_TIMESTAMP FOR [Date_Time_Modified];


GO
PRINT N'Creating Default Constraint on [dbo].[Player]....';


GO
ALTER TABLE [dbo].[Player]
    ADD DEFAULT 'FA' FOR [Team];


GO
PRINT N'Creating Default Constraint on [dbo].[Player]....';


GO
ALTER TABLE [dbo].[Player]
    ADD DEFAULT GETDATE() FOR [Birthdate];


GO
PRINT N'Creating Default Constraint on [dbo].[Player]....';


GO
ALTER TABLE [dbo].[Player]
    ADD DEFAULT CURRENT_TIMESTAMP FOR [Date_Time_Created];


GO
PRINT N'Creating Default Constraint on [dbo].[Player]....';


GO
ALTER TABLE [dbo].[Player]
    ADD DEFAULT CURRENT_TIMESTAMP FOR [Date_Time_Modified];


GO
PRINT N'Creating Default Constraint on [dbo].[Position]....';


GO
ALTER TABLE [dbo].[Position]
    ADD DEFAULT CURRENT_TIMESTAMP FOR [Date_Time_Created];


GO
PRINT N'Creating Default Constraint on [dbo].[Position]....';


GO
ALTER TABLE [dbo].[Position]
    ADD DEFAULT CURRENT_TIMESTAMP FOR [Date_Time_Modified];


GO
PRINT N'Creating Default Constraint on [dbo].[Roster]....';


GO
ALTER TABLE [dbo].[Roster]
    ADD DEFAULT CURRENT_TIMESTAMP FOR [Date_Time_Created];


GO
PRINT N'Creating Default Constraint on [dbo].[Roster]....';


GO
ALTER TABLE [dbo].[Roster]
    ADD DEFAULT CURRENT_TIMESTAMP FOR [Date_Time_Modified];


GO
PRINT N'Creating FK_Eligilblity_Posiition...';


GO
ALTER TABLE [dbo].[Eligibility]
    ADD CONSTRAINT [FK_Eligilblity_Posiition] FOREIGN KEY ([PositionID]) REFERENCES [dbo].[Position] ([PositionID]) ON DELETE CASCADE;


GO
PRINT N'Creating Status_CK...';


GO
ALTER TABLE [dbo].[Roster]
    ADD CONSTRAINT [Status_CK] CHECK (Status = 'A' OR Status = 'R' OR Status = 'I' OR Status = 'M');


GO
DELETE FROM Position
DELETE FROM Player
DELETE FROM Eligibility
DELETE FROM Roster

-- Positions
INSERT INTO Position (PositionID, Name) VALUES (1, 'C')
INSERT INTO Position (PositionID, Name) VALUES (2, '1B')
INSERT INTO Position (PositionID, Name) VALUES (3, '2B')
INSERT INTO Position (PositionID, Name) VALUES (4, '3B')
INSERT INTO Position (PositionID, Name) VALUES (5, 'SS')
INSERT INTO Position (PositionID, Name) VALUES (6, 'OF')
INSERT INTO Position (PositionID, Name) VALUES (7, 'SP')
INSERT INTO Position (PositionID, Name) VALUES (8, 'RP')

-- Players
INSERT INTO Player (PlayerID, FirstName, LastName, Bats, Throws, Team, Birthdate) VALUES (1, 'Buster', 'Posey', 'R', 'R', 'SF', GETDATE())
INSERT INTO Player (PlayerID, FirstName, LastName, Bats, Throws, Team, Birthdate) VALUES (2, 'Freddie', 'Freeman', 'R', 'R', 'ATL', GETDATE())
INSERT INTO Player (PlayerID, FirstName, LastName, Bats, Throws, Team, Birthdate) VALUES (3, 'Kolten', 'Wong', 'R', 'R', 'STL', GETDATE())
INSERT INTO Player (PlayerID, FirstName, LastName, Bats, Throws, Team, Birthdate) VALUES (4, 'Josh', 'Donaldson', 'R', 'R', 'TOR', GETDATE())
INSERT INTO Player (PlayerID, FirstName, LastName, Bats, Throws, Team, Birthdate) VALUES (5, 'Corey', 'Seager', 'R', 'R', 'LAD', GETDATE())
INSERT INTO Player (PlayerID, FirstName, LastName, Bats, Throws, Team, Birthdate) VALUES (6, 'Mookie', 'Betts', 'R', 'R', 'BOS', GETDATE())
INSERT INTO Player (PlayerID, FirstName, LastName, Bats, Throws, Team, Birthdate) VALUES (7, 'George', 'Springer', 'R', 'R', 'HOU', GETDATE())
INSERT INTO Player (PlayerID, FirstName, LastName, Bats, Throws, Team, Birthdate) VALUES (8, 'Justin', 'Upton', 'R', 'R', 'SD', GETDATE())
INSERT INTO Player (PlayerID, FirstName, LastName, Bats, Throws, Team, Birthdate) VALUES (9, 'Adrian', 'Gonzalez', 'R', 'R', 'LAD', GETDATE())
INSERT INTO Player (PlayerID, FirstName, LastName, Bats, Throws, Team, Birthdate) VALUES (10, 'Anthony', 'Rendon', 'R', 'R', 'WAS', GETDATE())
INSERT INTO Player (PlayerID, FirstName, LastName, Bats, Throws, Team, Birthdate) VALUES (11, 'Kyle', 'Seager', 'R', 'R', 'SEA', GETDATE())
INSERT INTO Player (PlayerID, FirstName, LastName, Bats, Throws, Team, Birthdate) VALUES (12, 'Addison', 'Russell', 'R', 'R', 'CHC', GETDATE())
INSERT INTO Player (PlayerID, FirstName, LastName, Bats, Throws, Team, Birthdate) VALUES (13, 'Corey', 'Dickerson', 'R', 'R', 'COL', GETDATE())
INSERT INTO Player (PlayerID, FirstName, LastName, Bats, Throws, Team, Birthdate) VALUES (14, 'Jurickson', 'Profar', 'R', 'R', 'TEX', GETDATE())
INSERT INTO Player (PlayerID, FirstName, LastName, Bats, Throws, Team, Birthdate) VALUES (15, 'Jorge', 'Alfaro', 'R', 'R', 'PHI', GETDATE())
INSERT INTO Player (PlayerID, FirstName, LastName, Bats, Throws, Team, Birthdate) VALUES (16, 'Franklin', 'Barreto', 'R', 'R', 'OAK', GETDATE())
INSERT INTO Player (PlayerID, FirstName, LastName, Bats, Throws, Team, Birthdate) VALUES (17, 'Trevor', 'Story', 'R', 'R', 'COL', GETDATE())
INSERT INTO Player (PlayerID, FirstName, LastName, Bats, Throws, Team, Birthdate) VALUES (18, 'Lewis', 'Brinson', 'R', 'R', 'TEX', GETDATE())
INSERT INTO Player (PlayerID, FirstName, LastName, Bats, Throws, Team, Birthdate) VALUES (19, 'Byron', 'Buxton', 'R', 'R', 'MIN', GETDATE())
INSERT INTO Player (PlayerID, FirstName, LastName, Bats, Throws, Team, Birthdate) VALUES (20, 'Alex', 'Jackson', 'R', 'R', 'SEA', GETDATE())
INSERT INTO Player (PlayerID, FirstName, LastName, Bats, Throws, Team, Birthdate) VALUES (21, 'Carlos', 'Carrasco', 'R', 'R', 'CLE', GETDATE())
INSERT INTO Player (PlayerID, FirstName, LastName, Bats, Throws, Team, Birthdate) VALUES (22, 'Tyson', 'Ross', 'R', 'R', 'SD', GETDATE())
INSERT INTO Player (PlayerID, FirstName, LastName, Bats, Throws, Team, Birthdate) VALUES (23, 'Danny', 'Salazar', 'R', 'R', 'CLE', GETDATE())
INSERT INTO Player (PlayerID, FirstName, LastName, Bats, Throws, Team, Birthdate) VALUES (24, 'Luis', 'Severino', 'R', 'R', 'NYY', GETDATE())
INSERT INTO Player (PlayerID, FirstName, LastName, Bats, Throws, Team, Birthdate) VALUES (25, 'Jordan', 'Zimmermann', 'R', 'R', 'DET', GETDATE())
INSERT INTO Player (PlayerID, FirstName, LastName, Bats, Throws, Team, Birthdate) VALUES (26, 'Jacob', 'deGrom', 'R', 'R', 'NYM', GETDATE())
INSERT INTO Player (PlayerID, FirstName, LastName, Bats, Throws, Team, Birthdate) VALUES (27, 'Zach', 'Britton', 'R', 'R', 'BAL', GETDATE())
INSERT INTO Player (PlayerID, FirstName, LastName, Bats, Throws, Team, Birthdate) VALUES (28, 'Jeurys', 'Familia', 'R', 'R', 'NYM', GETDATE())
INSERT INTO Player (PlayerID, FirstName, LastName, Bats, Throws, Team, Birthdate) VALUES (29, 'Huston', 'Street', 'R', 'R', 'LAA', GETDATE())
INSERT INTO Player (PlayerID, FirstName, LastName, Bats, Throws, Team, Birthdate) VALUES (30, 'Yu', 'Darvish', 'R', 'R', 'TEX', GETDATE())
INSERT INTO Player (PlayerID, FirstName, LastName, Bats, Throws, Team, Birthdate) VALUES (31, 'Nathan', 'Karns', 'R', 'R', 'SEA', GETDATE())
INSERT INTO Player (PlayerID, FirstName, LastName, Bats, Throws, Team, Birthdate) VALUES (32, 'Carlos', 'Rodon', 'R', 'R', 'CHW', GETDATE())
INSERT INTO Player (PlayerID, FirstName, LastName, Bats, Throws, Team, Birthdate) VALUES (33, 'Hector', 'Santiago', 'R', 'R', 'LAA', GETDATE())
INSERT INTO Player (PlayerID, FirstName, LastName, Bats, Throws, Team, Birthdate) VALUES (34, 'Yordano', 'Ventura', 'R', 'R', 'KC', GETDATE())
INSERT INTO Player (PlayerID, FirstName, LastName, Bats, Throws, Team, Birthdate) VALUES (35, 'Homer', 'Bailey', 'R', 'R', 'CIN', GETDATE())
INSERT INTO Player (PlayerID, FirstName, LastName, Bats, Throws, Team, Birthdate) VALUES (36, 'Michael', 'Fulmer', 'R', 'R', 'DET', GETDATE())
INSERT INTO Player (PlayerID, FirstName, LastName, Bats, Throws, Team, Birthdate) VALUES (37, 'Robert', 'Stephenson', 'R', 'R', 'CIN', GETDATE())
INSERT INTO Player (PlayerID, FirstName, LastName, Bats, Throws, Team, Birthdate) VALUES (38, 'Jose', 'De Leon', 'R', 'R', 'LAD', GETDATE())

-- Eligibility 
INSERT INTO Eligibility (PlayerID, PositionID) VALUES (1, 1)
INSERT INTO Eligibility (PlayerID, PositionID) VALUES (2, 2)
INSERT INTO Eligibility (PlayerID, PositionID) VALUES (3, 3)
INSERT INTO Eligibility (PlayerID, PositionID) VALUES (4, 4)
INSERT INTO Eligibility (PlayerID, PositionID) VALUES (5, 5)
INSERT INTO Eligibility (PlayerID, PositionID) VALUES (6, 6)
INSERT INTO Eligibility (PlayerID, PositionID) VALUES (7, 6)
INSERT INTO Eligibility (PlayerID, PositionID) VALUES (8, 6)
INSERT INTO Eligibility (PlayerID, PositionID) VALUES (9, 2)
INSERT INTO Eligibility (PlayerID, PositionID) VALUES (10, 4)
INSERT INTO Eligibility (PlayerID, PositionID) VALUES (11, 4)
INSERT INTO Eligibility (PlayerID, PositionID) VALUES (12, 5)
INSERT INTO Eligibility (PlayerID, PositionID) VALUES (13, 6)
INSERT INTO Eligibility (PlayerID, PositionID) VALUES (14, 3)
INSERT INTO Eligibility (PlayerID, PositionID) VALUES (15, 1)
INSERT INTO Eligibility (PlayerID, PositionID) VALUES (16, 5)
INSERT INTO Eligibility (PlayerID, PositionID) VALUES (17, 5)
INSERT INTO Eligibility (PlayerID, PositionID) VALUES (18, 6)
INSERT INTO Eligibility (PlayerID, PositionID) VALUES (19, 6)
INSERT INTO Eligibility (PlayerID, PositionID) VALUES (20, 6)
INSERT INTO Eligibility (PlayerID, PositionID) VALUES (21, 7)
INSERT INTO Eligibility (PlayerID, PositionID) VALUES (22, 7)
INSERT INTO Eligibility (PlayerID, PositionID) VALUES (23, 7)
INSERT INTO Eligibility (PlayerID, PositionID) VALUES (24, 7)
INSERT INTO Eligibility (PlayerID, PositionID) VALUES (25, 7)
INSERT INTO Eligibility (PlayerID, PositionID) VALUES (26, 7)
INSERT INTO Eligibility (PlayerID, PositionID) VALUES (27, 8)
INSERT INTO Eligibility (PlayerID, PositionID) VALUES (28, 8)
INSERT INTO Eligibility (PlayerID, PositionID) VALUES (29, 8)
INSERT INTO Eligibility (PlayerID, PositionID) VALUES (30, 7)
INSERT INTO Eligibility (PlayerID, PositionID) VALUES (31, 7)
INSERT INTO Eligibility (PlayerID, PositionID) VALUES (32, 7)
INSERT INTO Eligibility (PlayerID, PositionID) VALUES (33, 7)
INSERT INTO Eligibility (PlayerID, PositionID) VALUES (34, 7)
INSERT INTO Eligibility (PlayerID, PositionID) VALUES (35, 7)
INSERT INTO Eligibility (PlayerID, PositionID) VALUES (36, 7)
INSERT INTO Eligibility (PlayerID, PositionID) VALUES (37, 7)
INSERT INTO Eligibility (PlayerID, PositionID) VALUES (38, 7)
GO

GO
DECLARE @VarDecimalSupported AS BIT;

SELECT @VarDecimalSupported = 0;

IF ((ServerProperty(N'EngineEdition') = 3)
    AND (((@@microsoftversion / power(2, 24) = 9)
          AND (@@microsoftversion & 0xffff >= 3024))
         OR ((@@microsoftversion / power(2, 24) = 10)
             AND (@@microsoftversion & 0xffff >= 1600))))
    SELECT @VarDecimalSupported = 1;

IF (@VarDecimalSupported > 0)
    BEGIN
        EXECUTE sp_db_vardecimal_storage_format N'$(DatabaseName)', 'ON';
    END


GO
ALTER DATABASE [$(DatabaseName)]
    SET MULTI_USER 
    WITH ROLLBACK IMMEDIATE;


GO
PRINT N'Update complete.';


GO
